pose_longname,id,feature_id,pose_id,target_id,type,prot_family,lig_family,residue_name,residue_number,chain_name,distance,angle,energy,prot_coord,lig_coord,prot_atoms,lig_atoms,backbone,sidechain,pose_name
A71EV2A-x0278_A_147_v1,1,579,1,1,Hydrogen Bond,Donor,Acceptor,PRO,79,A,3.1917933830371914,,,"[4.826, 9.739, 5.667]","[7.199, 11.843, 5.307]",O,[3],True,False,A0278b
A71EV2A-x0278_A_147_v1,2,732,1,1,Hydrogen Bond,Donor,Acceptor,HIS,97,A,2.998973491046562,,,"[8.58, 13.173, 8.353]","[7.02, 14.194, 6.004]",N,[14],True,False,A0278b
A71EV2A-x0278_A_147_v1,3,737,1,1,π-stacking,Aromatic,Aromatic,HIS,97,A,3.845375324840071,21.35519282729201,,"[11.0488, 12.932400000000001, 5.443]","[8.756166666666667, 14.053333333333333, 2.5665]",CD2 CE1 CG ND1 NE2,"[7, 8, 9, 10, 11, 12]",False,True,A0278b
A71EV2A-x0515_A_147_v1,4,861,2,1,Hydrogen Bond,Donor,Acceptor,ARG,115,A,3.373048472820988,,,"[18.625, -3.886, 13.401]","[19.573, -7.05, 14.085]",NH1,[1],False,True,A0515b
A71EV2A-x0515_A_147_v1,5,864,2,1,π-cation,PosIonizable,Aromatic,ARG,115,A,3.581437037000651,21.08572497534516,,"[18.625, -3.886, 13.401]","[18.790333333333333, -6.959166666666667, 15.232666666666667]",NH1,"[1, 7, 6, 5, 9, 8]",False,True,A0515b
A71EV2A-x0365_A_201_v1,6,792,3,1,Hydrogen Bond,Acceptor,Donor,SER,105,A,3.085128522444405,,,"[6.593, 6.769, 26.568]","[6.229, 9.798, 26.109]",O,[13],True,False,A0365a
A71EV2A-x0365_A_201_v1,7,795,3,1,Hydrogen Bond,Donor,Acceptor,SER,105,A,2.8278009123698924,,,"[6.842, 6.584, 23.451]","[7.861, 8.968, 24.58]",OG,[14],False,True,A0365a
A71EV2A-x0365_A_201_v1,8,811,3,1,Hydrophobic,Hydrophobe,Hydrophobe,PRO,107,A,4.065052767185194,,,"[10.75, 11.675, 27.981]","[7.923, 11.25, 25.091]",CG,[5],False,True,A0365a
A71EV2A-x0365_A_201_v1,9,812,3,1,π-stacking,Aromatic,Aromatic,PRO,107,A,4.0978856694641905,11.566131734075109,,"[11.1282, 10.6246, 27.415799999999997]","[8.1672, 10.151, 24.6228]",CA CB CD CG N,"[1, 3, 5, 6, 14]",False,True,A0365a
A71EV2A-x1084_A_147_v1,10,479,4,1,Hydrogen Bond,Acceptor,Donor,ARG,68,A,3.4033809660395065,,,"[10.353, -3.625, 29.952]","[11.409, -4.746, 32.987]",O,[1],True,False,A1084a
A71EV2A-x1084_A_147_v1,11,491,4,1,Hydrogen Bond,Donor,Acceptor,ARG,69,A,2.578444686240137,,,"[14.728, -3.108, 34.949]","[12.294, -3.958, 34.91]",NH1,[3],False,True,A1084a
A71EV2A-x1081_A_201_v1,12,567,5,1,Hydrogen Bond,Donor,Acceptor,LYS,78,A,2.9577014724275332,,,"[2.601, 5.224, 7.773]","[0.0, 6.038, 6.624]",N,[3],True,False,A1081b
A71EV2A-x1081_A_201_v1,13,568,5,1,Hydrogen Bond,Acceptor,Donor,LYS,78,A,3.2213633759636617,,,"[3.514, 7.852, 7.768]","[0.696, 8.175, 6.241]",O,[1],True,False,A1081b
A71EV2A-x0487_A_250_v1,14,1758,6,1,Hydrophobic,Hydrophobe,Hydrophobe,TYR,89,B,3.923425161768732,,,"[14.848, 15.426, 25.01]","[12.406, 13.576, 22.559]",CD2,[2],False,True,A0487a
A71EV2A-x0487_A_250_v1,15,1762,6,1,Hydrophobic,Hydrophobe,Hydrophobe,TYR,89,B,4.473305824555257,,,"[14.926, 17.212, 23.222]","[12.406, 13.576, 22.559]",CB,[2],False,True,A0487a
A71EV2A-x0487_A_250_v1,16,1907,6,1,Hydrophobic,Hydrophobe,Hydrophobe,PRO,107,B,3.9170123819053737,,,"[10.586, 11.64, 28.12]","[8.735, 12.497, 24.776]",CG,[6],False,True,A0487a
A71EV2A-x0487_A_250_v1,17,1908,6,1,π-stacking,Aromatic,Aromatic,PRO,107,B,3.9776080687881854,10.894286229901866,,"[10.9774, 10.5524, 27.6442]","[8.397833333333333, 11.154833333333334, 24.677000000000003]",CA CB CD CG N,"[5, 6, 7, 11, 8, 9]",False,True,A0487a
A71EV2A-x0487_A_250_v1,18,2023,6,1,Hydrophobic,Hydrophobe,Hydrophobe,VAL,124,B,3.8516195294966504,,,"[10.925, 6.253, 20.912]","[9.904, 9.327, 22.996]",CG1,[10],False,True,A0487a
A71EV2A-x0487_A_250_v1,19,2026,6,1,Hydrogen Bond,Acceptor,Donor,SER,125,B,3.0202319447353694,,,"[11.172, 11.522, 20.271]","[10.56, 12.146, 23.162]",O,[1],True,False,A0487a
A71EV2A-x0487_A_250_v1,20,2040,6,1,Hydrogen Bond,Donor,Acceptor,GLY,127,B,3.2819800425962367,,,"[5.162, 12.043, 23.39]","[7.333, 10.657, 25.424]",O,[11],True,False,A0487a
A71EV2A-x0309_A_147_v1,21,65,7,1,Hydrophobic,Hydrophobe,Hydrophobe,TYR,15,A,4.384680033936342,,,"[28.084, 8.637, 6.058]","[27.813, 11.56, 2.801]",CE1,[10],False,True,A0309a
A71EV2A-x0309_A_147_v1,22,206,7,1,Hydrophobic,Hydrophobe,LumpedHydrophobe,VAL,32,A,4.488425336351269,,,"[27.044, 12.224, 6.327]","[27.377000000000002, 11.161, 1.979]",CG1,"[9, 10, 11, 12]",False,True,A0309a
A71EV2A-x0309_A_147_v1,23,1055,7,1,Hydrophobic,Hydrophobe,LumpedHydrophobe,TRP,142,A,4.240751820137559,,,"[24.043, 9.465, 3.977]","[27.377000000000002, 11.161, 1.979]",CE3,"[9, 10, 11, 12]",False,True,A0309a
A71EV2A-x0309_A_147_v1,24,1056,7,1,Hydrophobic,Hydrophobe,Hydrophobe,TRP,142,A,4.013608600748211,,,"[23.176, 8.839, 0.845]","[26.738, 10.582, 1.464]",CB,[12],False,True,A0309a
A71EV2A-x0309_A_147_v1,25,1057,7,1,π-stacking,Aromatic,Aromatic,TRP,142,A,3.763970440904124,32.84627918527093,,"[21.9188, 10.279, 2.7464]","[24.4824, 12.9566, 2.0938000000000003]",CD1 CD2 CE2 CG NE1,"[3, 8, 15, 7, 14]",False,True,A0309a
A71EV2A-x0309_A_147_v1,26,1058,7,1,π-stacking,Aromatic,Aromatic,TRP,142,A,3.922175778541517,32.79785546397213,,"[23.057500000000005, 10.275, 4.5761666666666665]","[24.4824, 12.9566, 2.0938000000000003]",CD2 CE2 CE3 CH2 CZ2 CZ3,"[3, 8, 15, 7, 14]",False,True,A0309a
A71EV2A-x0309_A_147_v1,27,1095,7,1,Hydrophobic,Hydrophobe,Hydrophobe,GLU,146,A,4.1272477512259895,,,"[29.743, 7.233, -0.126]","[28.1, 10.427, 1.907]",CB,[11],False,True,A0309a
A71EV2A-x0309_A_147_v1,28,1096,7,1,Hydrophobic,Hydrophobe,LumpedHydrophobe,GLU,146,A,3.867433903766164,,,"[29.89, 8.587, 0.559]","[27.377000000000002, 11.161, 1.979]",CG,"[9, 10, 11, 12]",False,True,A0309a
A71EV2A-x0237_A_151_v1,29,1891,8,1,Hydrogen Bond,Donor,Acceptor,SER,105,B,2.821875617386422,,,"[6.575, 6.947, 23.671]","[7.497, 9.41, 24.694]",OG,[15],False,True,A0237a
A71EV2A-x0237_A_151_v1,30,1901,8,1,Hydrophobic,Hydrophobe,LumpedHydrophobe,GLU,106,B,4.43045503447445,,,"[9.101, 7.311, 29.145]","[5.921, 10.16025, 30.3275]",CB,"[5, 12, 13, 14]",False,True,A0237a
A71EV2A-x0237_A_151_v1,31,1902,8,1,Hydrophobic,Hydrophobe,LumpedHydrophobe,GLU,106,B,4.070829192253097,,,"[7.9, 6.646, 29.775]","[5.921, 10.16025, 30.3275]",CG,"[5, 12, 13, 14]",False,True,A0237a
A71EV2A-x0237_A_151_v1,32,1907,8,1,Hydrophobic,Hydrophobe,Hydrophobe,PRO,107,B,3.7722975757487647,,,"[10.38, 11.889, 28.101]","[8.038, 12.081, 25.15]",CG,[8],False,True,A0237a
A71EV2A-x0237_A_151_v1,33,1908,8,1,π-stacking,Aromatic,Aromatic,PRO,107,B,4.082966330582055,6.262064693119129,,"[10.777600000000001, 10.792199999999998, 27.6798]","[7.768166666666666, 10.747166666666667, 24.92083333333333]",CA CB CD CG N,"[4, 7, 8, 9, 6, 15]",False,True,A0237a
A71EV2A-x0237_A_151_v1,34,2023,8,1,Hydrophobic,Hydrophobe,Hydrophobe,VAL,124,B,3.8773282038021994,,,"[10.876, 6.321, 21.013]","[9.477, 9.118, 23.305]",CG1,[2],False,True,A0237a
A71EV2A-x1209_A_151_v1,35,1892,9,1,Hydrogen Bond,Acceptor,Donor,SER,105,B,2.7687652482650082,,,"[6.493, 6.899, 23.799]","[7.253, 9.293, 24.964]",OG,[5],False,True,A1209a
A71EV2A-x1209_A_151_v1,36,1903,9,1,Hydrogen Bond,Donor,Acceptor,PRO,107,B,3.4691036306227576,,,"[10.367, 9.616, 27.576]","[8.457, 11.118, 25.1]",N,[1],True,False,A1209a
A71EV2A-x1209_A_151_v1,37,1908,9,1,π-stacking,Aromatic,Aromatic,PRO,107,B,3.9731468888023764,7.18761075669614,,"[10.6448, 10.7578, 27.8156]","[7.6188, 10.3412, 25.2748]",CA CB CD CG N,"[1, 2, 5, 4, 3]",False,True,A1209a
A71EV2A-x1209_A_151_v1,38,1908,9,1,π-cation,Aromatic,PosIonizable,PRO,107,B,3.9731468888023764,26.04740610018324,,"[10.6448, 10.7578, 27.8156]","[7.6188, 10.3412, 25.2748]",CA CB CD CG N,"[3, 1, 2, 5, 4]",False,True,A1209a
A71EV2A-x0836_A_302_v1,39,604,10,1,Hydrophobic,Hydrophobe,Hydrophobe,ILE,82,A,3.7671799797726693,,,"[2.555, 13.577, 14.458]","[2.63, 12.905, 18.164]",CG2,[8],False,True,A0836b
A71EV2A-x0836_A_302_v1,40,606,10,1,Hydrogen Bond,Acceptor,Donor,PHE,83,A,2.8174641080233824,,,"[2.046, 16.18, 16.799]","[0.81, 15.218, 19.141]",O,[1],True,False,A0836b
A71EV2A-x0836_A_302_v1,41,609,10,1,Hydrophobic,Hydrophobe,Hydrophobe,PHE,83,A,4.420189362459486,,,"[0.797, 18.572, 15.373]","[-0.847, 14.795, 16.976]",CB,[12],False,True,A0836b
A71EV2A-x0836_A_302_v1,42,623,10,1,Hydrophobic,Hydrophobe,Hydrophobe,VAL,84,A,4.162920729487891,,,"[5.71, 15.383, 16.859]","[2.63, 12.905, 18.164]",CG2,[8],False,True,A0836b
A71EV2A-x0836_A_302_v1,43,762,10,1,Hydrophobic,Hydrophobe,Hydrophobe,LEU,100,A,3.7702224072327626,,,"[1.095, 9.741, 15.274]","[-1.563, 12.304, 16.036]",CD1,[9],False,True,A0836b
A71EV2A-x0836_A_302_v1,44,763,10,1,Hydrophobic,Hydrophobe,LumpedHydrophobe,LEU,100,A,4.069950538875002,,,"[3.228, 9.164, 16.275]","[2.6378333333333335, 11.964, 19.16916666666667]",CD2,"[5, 6, 7, 8, 15, 16]",False,True,A0836b
A71EV2A-x0836_A_302_v1,45,941,10,1,Hydrophobic,Hydrophobe,Hydrophobe,THR,126,A,3.5996949870787662,,,"[7.281, 11.931, 18.588]","[3.695, 12.029, 18.29]",CG2,[7],False,True,A0836b
A71EV2A-x0836_A_302_v1,46,966,10,1,Hydrophobic,Hydrophobe,Hydrophobe,LEU,131,A,3.867890639612242,,,"[0.828, 7.611, 20.062]","[2.652, 11.02, 20.173]",CB,[5],False,True,A0836b
A71EV2A-x0836_A_302_v1,47,967,10,1,Hydrophobic,Hydrophobe,Hydrophobe,LEU,131,A,4.249115908044872,,,"[-1.312, 8.81, 19.662]","[1.585, 11.894, 20.051]",CD1,[16],False,True,A0836b
A71EV2A-x1148_A_201_v1,48,667,11,1,Hydrogen Bond,Donor,Acceptor,TYR,89,A,3.0199451981782706,,,"[11.19, 13.299, 22.885]","[9.088, 11.938, 24.573]",OH,[5],False,True,A1148a
A71EV2A-x1148_A_201_v1,49,812,11,1,π-stacking,Aromatic,Aromatic,PRO,107,A,3.8703543920421533,19.5853605133926,,"[10.857800000000001, 10.673800000000002, 27.846999999999998]","[8.202200000000001, 11.4108, 25.1296]",CA CB CD CG N,"[1, 3, 2, 5, 4]",False,True,A1148a
A71EV2A-x1148_A_201_v1,50,812,11,1,π-cation,Aromatic,PosIonizable,PRO,107,A,3.870354392042154,24.24242467576113,,"[10.857800000000001, 10.673800000000002, 27.846999999999998]","[8.2022, 11.4108, 25.1296]",CA CB CD CG N,"[2, 5, 4, 1, 3]",False,True,A1148a
A71EV2A-x0541_A_147_v1,51,593,12,1,Hydrophobic,Hydrophobe,Hydrophobe,LEU,81,A,4.024355476346492,,,"[3.953, 16.619, 7.566]","[7.028, 15.905, 5.07]",CB,[9],False,True,A0541a
A71EV2A-x0541_A_147_v1,52,594,12,1,Hydrophobic,Hydrophobe,Hydrophobe,LEU,81,A,4.416237086026972,,,"[5.671, 18.075, 8.669]","[7.028, 15.905, 5.07]",CD1,[9],False,True,A0541a
A71EV2A-x0541_A_147_v1,53,595,12,1,Hydrophobic,Hydrophobe,Hydrophobe,LEU,81,A,4.474693397317854,,,"[4.284, 18.954, 6.858]","[7.028, 15.905, 5.07]",CD2,[9],False,True,A0541a
A71EV2A-x0541_A_147_v1,54,732,12,1,Hydrogen Bond,Donor,Acceptor,HIS,97,A,2.866808853062931,,,"[8.59, 13.162, 8.353]","[7.191, 13.598, 5.889]",N,[1],True,False,A0541a
A71EV2A-x0541_A_147_v1,55,737,12,1,π-stacking,Aromatic,Aromatic,HIS,97,A,3.625760129958959,12.156759614742372,,"[10.869200000000001, 12.9154, 5.408199999999999]","[7.3132, 13.304000000000002, 4.8166]",CD2 CE1 CG ND1 NE2,"[1, 3, 10, 7, 8]",False,True,A0541a
A71EV2A-x0875_A_147_v1,56,428,13,1,Hydrophobic,Hydrophobe,Hydrophobe,VAL,62,A,3.83857434472748,,,"[9.924, -6.28, 16.474]","[9.842, -7.965, 13.026]",CB,[4],False,True,A0875b
A71EV2A-x0875_A_147_v1,57,430,13,1,Hydrophobic,Hydrophobe,Hydrophobe,VAL,62,A,3.2201209604609593,,,"[9.007, -7.438, 16.091]","[9.842, -7.965, 13.026]",CG2,[4],False,True,A0875b
A71EV2A-x0875_A_147_v1,58,868,13,1,Hydrogen Bond,Donor,Acceptor,CYS,116,A,2.7914114709229088,,,"[13.347, -6.278, 9.677]","[12.146, -7.374, 11.946]",O,[11],True,False,A0875b
A71EV2A-x0875_A_147_v1,59,870,13,1,Hydrophobic,Hydrophobe,Hydrophobe,CYS,116,A,4.4682314174626185,,,"[10.371, -4.725, 8.862]","[9.095, -7.921, 11.712]",CB,[2],False,True,A0875b
A71EV2A-x0875_A_147_v1,60,881,13,1,Hydrophobic,Hydrophobe,Hydrophobe,GLN,117,A,3.3938817009436266,,,"[11.636, -9.308, 6.986]","[11.673, -11.438, 9.628]",CB,[7],False,True,A0875b
A71EV2A-x0528_A_201_v1,61,146,14,1,π-stacking,Aromatic,Aromatic,HIS,25,A,4.278754035801645,14.718109055179156,,"[32.6854, 19.305, 21.25]","[30.767333333333337, 22.286666666666665, 18.8545]",CD2 CE1 CG ND1 NE2,"[8, 9, 10, 11, 12, 13]",False,True,A0528b
A71EV2A-x0528_A_201_v1,62,149,14,1,Hydrogen Bond,Donor,Acceptor,HIS,25,A,3.3215028225187493,,,"[31.978, 19.883, 21.923]","[29.124, 20.84, 20.519]",ND1,[3],False,True,A0528b
A71EV2A-x0528_A_201_v1,63,176,14,1,Hydrophobic,Hydrophobe,Hydrophobe,TRP,28,A,4.012941564488575,,,"[27.713, 18.83, 16.878]","[30.643, 20.902, 18.674]",CB,[13],False,True,A0528b
A71EV2A-x0351_A_301_v1,64,650,15,1,Hydrogen Bond,Donor,Acceptor,GLU,88,A,2.9626388575052474,,,"[9.727, 17.655, 29.678]","[7.619, 17.117, 27.667]",OE1,[3],False,True,A0351a
A71EV2A-x0351_A_301_v1,65,650,15,1,Hydrogen Bond,Donor,Acceptor,GLU,88,A,3.159442514115427,,,"[9.727, 17.655, 29.678]","[8.687, 14.989, 28.339]",OE1,[13],False,True,A0351a
A71EV2A-x0351_A_301_v1,66,795,15,1,Hydrogen Bond,Donor,Acceptor,SER,105,A,2.535460116034168,,,"[8.257, 7.003, 22.998]","[8.766, 9.274, 24.004]",OG,[14],False,True,A0351a
A71EV2A-x0351_A_301_v1,67,811,15,1,Hydrophobic,Hydrophobe,LumpedHydrophobe,PRO,107,A,4.022173735128252,,,"[10.404, 12.008, 27.939]","[7.834333333333334, 11.700666666666669, 24.86]",CG,"[6, 7, 8, 9, 11, 12]",False,True,A0351a
A71EV2A-x0351_A_301_v1,68,812,15,1,π-stacking,Aromatic,Aromatic,PRO,107,A,4.005003559992869,24.724887217398162,,"[10.8028, 10.929599999999999, 27.4356]","[7.834333333333334, 11.700666666666669, 24.86]",CA CB CD CG N,"[6, 7, 8, 9, 11, 12]",False,True,A0351a
A71EV2A-x0351_A_301_v1,69,832,15,1,Hydrogen Bond,Donor,Acceptor,CYS,110,A,3.455088710872705,,,"[13.015, 10.172, 22.0]","[9.902, 11.109, 23.17]",SG,[15],False,True,A0351a
A71EV2A-x0450_A_201_v1,70,799,16,1,Hydrogen Bond,Donor,Acceptor,GLU,106,A,3.122724131267443,,,"[10.721, 7.87, 25.824]","[9.89, 9.761, 23.482]",O,[12],True,False,A0450a
A71EV2A-x0450_A_201_v1,71,811,16,1,Hydrophobic,Hydrophobe,LumpedHydrophobe,PRO,107,A,4.00567256108967,,,"[10.501, 11.683, 28.233]","[8.125333333333334, 11.092666666666666, 25.06233333333333]",CG,"[6, 7, 8, 9, 10, 11]",False,True,A0450a
A71EV2A-x0450_A_201_v1,72,812,16,1,π-stacking,Aromatic,Aromatic,PRO,107,A,3.84634762512872,14.05754074565986,,"[10.929599999999999, 10.651, 27.657600000000002]","[8.125333333333334, 11.092666666666666, 25.06233333333333]",CA CB CD CG N,"[6, 7, 8, 9, 10, 11]",False,True,A0450a
A71EV2A-x0229_A_201_v1,73,589,17,1,Hydrogen Bond,Donor,Acceptor,LEU,81,A,2.770131224328551,,,"[4.034, 14.229, 7.904]","[6.459, 14.22, 6.565]",N,[12],True,False,A0229b
A71EV2A-x0229_A_201_v1,74,593,17,1,Hydrophobic,Hydrophobe,Hydrophobe,LEU,81,A,4.1330396804289204,,,"[4.137, 16.633, 7.629]","[5.171, 14.414, 4.299]",CB,[2],False,True,A0229b
A71EV2A-x1019_A_147_v1,75,120,18,1,Hydrogen Bond,Donor,Acceptor,HIS,21,A,2.8644315317354,,,"[15.031, 12.907, 22.092]","[13.933, 11.565, 24.372]",NE2,[11],False,True,A1019a
A71EV2A-x1019_A_147_v1,76,661,18,1,Hydrophobic,Hydrophobe,Hydrophobe,TYR,89,A,3.9796575229534503,,,"[14.289, 15.799, 24.966]","[11.896, 12.727, 24.145]",CD1,[7],False,True,A1019a
A71EV2A-x1019_A_147_v1,77,663,18,1,Hydrophobic,Hydrophobe,Hydrophobe,TYR,89,A,4.155681051283892,,,"[14.936, 14.974, 25.871]","[11.896, 12.727, 24.145]",CE1,[7],False,True,A1019a
A71EV2A-x1019_A_147_v1,78,799,18,1,Hydrogen Bond,Donor,Acceptor,GLU,106,A,3.1306563209653024,,,"[10.485, 8.028, 26.343]","[10.677, 10.251, 24.147]",O,[2],True,False,A1019a
A71EV2A-x1019_A_147_v1,79,811,18,1,Hydrophobic,Hydrophobe,LumpedHydrophobe,PRO,107,A,3.681698732318486,,,"[9.925, 11.743, 28.821]","[9.235999999999999, 12.311666666666666, 25.249333333333336]",CG,"[1, 3, 4, 6, 9, 10]",False,True,A1019a
A71EV2A-x1019_A_147_v1,80,812,18,1,π-stacking,Aromatic,Aromatic,PRO,107,A,3.761344395588123,17.254274389228932,,"[10.4172, 10.661, 28.415999999999997]","[9.235999999999999, 12.311666666666666, 25.249333333333336]",CA CB CD CG N,"[1, 3, 4, 6, 9, 10]",False,True,A1019a
A71EV2A-x1019_A_147_v1,81,831,18,1,Electrostatic,PosIonizable,NegIonizable,CYS,110,A,3.870550133163675,,,"[12.861, 10.068, 21.892]","[13.299333333333335, 12.013333333333334, 25.209333333333333]",SG,"[8, 11, 12]",False,True,A1019a
A71EV2A-x0739_A_147_v1,82,636,19,1,Hydrogen Bond,Donor,Acceptor,ALA,86,A,3.014149465437969,,,"[4.917, 19.261, 26.823]","[3.691, 16.75, 25.693]",O,[18],True,False,A0739a
A71EV2A-x0739_A_147_v1,83,644,19,1,Hydrogen Bond,Acceptor,Donor,SER,87,A,3.082242041112281,,,"[7.862, 18.797, 25.395]","[6.386, 16.099, 25.189]",OG,[1],False,True,A0739a
A71EV2A-x0739_A_147_v1,84,812,19,1,π-stacking,Aromatic,Aromatic,PRO,107,A,4.188039457126023,19.20548461467098,,"[9.884400000000001, 11.572, 26.938200000000002]","[7.894000000000001, 11.2515, 23.267333333333337]",CA CB CD CG N,"[4, 8, 6, 11, 10, 9]",False,True,A0739a
A71EV2A-x0739_A_147_v1,85,927,19,1,Hydrophobic,Hydrophobe,Hydrophobe,VAL,124,A,3.4125510985185272,,,"[10.48, 6.312, 20.298]","[9.195, 8.926, 22.076]",CG1,[2],False,True,A0739a
A71EV2A-x1145_A_147_v1,86,145,20,1,Hydrophobic,Hydrophobe,Hydrophobe,HIS,25,A,4.106346673139034,,,"[30.61, 17.732, 22.154]","[30.403, 20.477, 19.107]",CB,[4],False,True,A1145a
A71EV2A-x1145_A_147_v1,87,146,20,1,π-stacking,Aromatic,Aromatic,HIS,25,A,4.153692849207268,20.660157030469037,,"[32.8768, 18.947, 21.4712]","[30.681166666666666, 21.792, 19.388333333333332]",CD2 CE1 CG ND1 NE2,"[2, 3, 6, 7, 4, 5]",False,True,A1145a
A71EV2A-x1145_A_147_v1,88,176,20,1,Hydrophobic,Hydrophobe,Hydrophobe,TRP,28,A,3.355216088421131,,,"[27.677, 18.785, 16.927]","[27.956, 20.82, 19.58]",CB,[8],False,True,A1145a
A71EV2A-x1145_A_147_v1,89,184,20,1,Hydrophobic,Hydrophobe,Hydrophobe,ALA,29,A,4.2646657547807925,,,"[32.997, 17.671, 16.519]","[31.679, 20.966, 18.884]",CB,[5],False,True,A1145a
A71EV2A-x0900_A_147_v1,90,145,21,1,Hydrophobic,Hydrophobe,Hydrophobe,HIS,25,A,3.773041743739393,,,"[30.291, 17.868, 21.95]","[30.559, 20.496, 19.256]",CB,[7],False,True,A0900a
A71EV2A-x0900_A_147_v1,91,146,21,1,π-stacking,Aromatic,Aromatic,HIS,25,A,3.4655175890478427,10.255409183209707,,"[28.8876, 19.706599999999998, 23.272599999999997]","[27.328000000000003, 21.1026, 20.5106]",CD2 CE1 CG ND1 NE2,"[3, 9, 11, 10, 12]",False,True,A0900a
A71EV2A-x0900_A_147_v1,92,149,21,1,Hydrogen Bond,Donor,Acceptor,HIS,25,A,3.3438655774417727,,,"[28.27, 18.752, 23.196]","[27.756, 20.072, 20.167]",ND1,[11],False,True,A0900a
A71EV2A-x0900_A_147_v1,93,176,21,1,Hydrophobic,Hydrophobe,Hydrophobe,TRP,28,A,4.172953510404833,,,"[27.653, 18.673, 16.88]","[30.559, 20.496, 19.256]",CB,[7],False,True,A0900a
A71EV2A-x0900_A_147_v1,94,177,21,1,π-stacking,Aromatic,Aromatic,TRP,28,A,4.702096562173092,73.43058843672131,,"[24.9786, 18.798, 17.1522]","[27.328000000000003, 21.1026, 20.5106]",CD1 CD2 CE2 CG NE1,"[3, 9, 11, 10, 12]",False,True,A0900a
A71EV2A-x0900_A_147_v1,95,184,21,1,Hydrophobic,Hydrophobe,Hydrophobe,ALA,29,A,4.203346523902118,,,"[32.968, 17.441, 16.529]","[31.848, 20.77, 18.838]",CB,[8],False,True,A0900a
A71EV2A-x0719_A_201_v1,96,145,22,1,Hydrophobic,Hydrophobe,Hydrophobe,HIS,25,A,3.6621226085427585,,,"[30.577, 17.861, 22.01]","[28.823, 20.106, 19.709]",CB,[2],False,True,A0719b
A71EV2A-x0719_A_201_v1,97,146,22,1,π-stacking,Aromatic,Aromatic,HIS,25,A,4.270897837171429,19.32388762009341,,"[29.3876, 19.604599999999998, 23.613400000000002]","[25.784499999999998, 20.967333333333332, 21.769166666666663]",CD2 CE1 CG ND1 NE2,"[6, 7, 8, 9, 10, 11]",False,True,A0719b
A71EV2A-x0719_A_201_v1,98,147,22,1,Hydrogen Bond,Acceptor,Donor,HIS,25,A,2.9502720213566747,,,"[30.099, 20.157, 22.921]","[31.544, 22.029, 21.157]",ND1,[1],False,True,A0719b
A71EV2A-x0719_A_201_v1,99,176,22,1,Hydrophobic,Hydrophobe,Hydrophobe,TRP,28,A,3.2219225626945174,,,"[27.721, 18.797, 16.979]","[28.823, 20.106, 19.709]",CB,[2],False,True,A0719b
A71EV2A-x0719_A_201_v1,100,177,22,1,π-stacking,Aromatic,Aromatic,TRP,28,A,5.037935259828395,88.17666574619264,,"[25.0396, 18.9344, 17.2202]","[25.784499999999998, 20.967333333333332, 21.769166666666663]",CD1 CD2 CE2 CG NE1,"[6, 7, 8, 9, 10, 11]",False,True,A0719b
A71EV2A-x0395_A_148_v1,101,428,23,1,Hydrophobic,Hydrophobe,Hydrophobe,VAL,62,A,4.072350426964753,,,"[9.943, -6.22, 16.478]","[13.946, -5.665, 16.98]",CB,[12],False,True,A0395b
A71EV2A-x0395_A_148_v1,102,429,23,1,Hydrophobic,Hydrophobe,Hydrophobe,VAL,62,A,3.807831272522457,,,"[10.335, -6.408, 17.933]","[13.946, -5.665, 16.98]",CG1,[12],False,True,A0395b
A71EV2A-x0395_A_148_v1,103,456,23,1,Hydrophobic,Hydrophobe,Hydrophobe,TYR,64,A,3.8258324584330676,,,"[14.207, -2.186, 21.761]","[14.592, -3.766, 18.298]",CB,[5],False,True,A0395b
A71EV2A-x0395_A_148_v1,104,511,23,1,π-stacking,Aromatic,Aromatic,HIS,71,A,4.581818550410837,88.87493533279357,,"[13.966199999999997, -6.523599999999999, 22.101799999999997]","[14.833499999999999, -5.0538333333333325, 17.849666666666668]",CD2 CE1 CG ND1 NE2,"[5, 9, 10, 11, 12, 13]",False,True,A0395b
A71EV2A-x0395_A_148_v1,105,513,23,1,Hydrogen Bond,Acceptor,Donor,HIS,71,A,3.0337110936936647,,,"[14.799, -6.626, 22.868]","[17.242, -5.049, 23.733]",NE2,[15],False,True,A0395b
A71EV2A-x0395_A_148_v1,106,845,23,1,Hydrophobic,Hydrophobe,Hydrophobe,ILE,113,A,4.482360650371631,,,"[16.372, -0.052, 16.529]","[14.592, -3.766, 18.298]",CB,[5],False,True,A0395b
A71EV2A-x0375_A_147_v1,107,867,24,1,Hydrogen Bond,Acceptor,Donor,CYS,116,A,2.9078627890600353,,,"[13.219, -6.187, 9.475]","[15.64, -7.179, 10.744]",O,[1],True,False,A0375c
A71EV2A-x0375_A_147_v1,108,868,24,1,Hydrogen Bond,Donor,Acceptor,CYS,116,A,2.890722055127404,,,"[13.219, -6.187, 9.475]","[13.336, -7.8, 11.871]",O,[3],True,False,A0375c
A71EV2A-x0375_A_147_v1,109,881,24,1,Hydrophobic,Hydrophobe,Hydrophobe,GLN,117,A,4.215470199159283,,,"[11.118, -9.091, 7.053]","[13.802, -10.813, 9.81]",CB,[6],False,True,A0375c
A71EV2A-x0379_A_147_v1,110,227,25,1,Electrostatic,NegIonizable,PosIonizable,GLU,34,A,3.7051850830963895,,,"[20.8795, 20.277, 10.9735]","[17.48, 21.701, 10.594]",OE1 OE2,[1],False,True,A0379a
A71EV2A-x0379_A_147_v1,111,242,25,1,Hydrogen Bond,Acceptor,Donor,SER,36,A,3.153956879857429,,,"[16.434, 18.973, 11.782]","[17.48, 21.701, 10.594]",N,[1],True,False,A0379a
A71EV2A-x1146_A_147_v1,112,145,26,1,Hydrophobic,Hydrophobe,Hydrophobe,HIS,25,A,3.8734595647818506,,,"[30.399, 18.0, 22.018]","[30.138, 20.608, 19.166]",CB,[8],False,True,A1146a
A71EV2A-x1146_A_147_v1,113,146,26,1,π-stacking,Aromatic,Aromatic,HIS,25,A,3.805997201201744,52.93689578352091,,"[28.9398, 19.3692, 23.7626]","[27.017000000000007, 21.234166666666663, 21.058833333333336]",CD2 CE1 CG ND1 NE2,"[1, 4, 2, 6, 13, 5]",False,True,A1146a
A71EV2A-x1146_A_147_v1,114,149,26,1,Hydrogen Bond,Donor,Acceptor,HIS,25,A,3.2371527613011994,,,"[29.218, 20.045, 22.894]","[27.503, 20.307, 20.161]",ND1,[1],False,True,A1146a
A71EV2A-x1146_A_147_v1,115,149,26,1,Hydrogen Bond,Donor,Acceptor,HIS,25,A,3.148836769348323,,,"[29.218, 20.045, 22.894]","[27.75, 22.363, 21.349]",ND1,[13],False,True,A1146a
A71EV2A-x1146_A_147_v1,116,176,26,1,Hydrophobic,Hydrophobe,Hydrophobe,TRP,28,A,3.686334900683876,,,"[27.852, 18.838, 16.879]","[30.138, 20.608, 19.166]",CB,[8],False,True,A1146a
A71EV2A-x1146_A_147_v1,117,177,26,1,π-stacking,Aromatic,Aromatic,TRP,28,A,4.899343731789211,89.56892788404191,,"[25.172800000000002, 18.865000000000002, 17.1872]","[27.017000000000007, 21.234166666666663, 21.058833333333336]",CD1 CD2 CE2 CG NE1,"[1, 4, 2, 6, 13, 5]",False,True,A1146a
A71EV2A-x1146_A_147_v1,118,184,26,1,Hydrophobic,Hydrophobe,Hydrophobe,ALA,29,A,4.290165614518863,,,"[33.119, 17.514, 16.459]","[31.357, 20.823, 18.545]",CB,[9],False,True,A1146a
A71EV2A-x0207_A_151_v1,119,1908,27,1,π-stacking,Aromatic,Aromatic,PRO,107,B,3.674323088679058,9.864067252840838,,"[10.1128, 11.104400000000002, 27.5178]","[8.126, 10.741, 24.4484]",CA CB CD CG N,"[1, 3, 6, 5, 4]",False,True,A0207a
A71EV2A-x0207_A_151_v1,120,1921,27,1,Hydrophobic,Hydrophobe,Hydrophobe,ASP,109,B,4.49459920348856,,,"[11.061, 5.237, 24.925]","[9.204, 8.84, 22.983]",CB,[2],False,True,A0207a
A71EV2A-x0207_A_151_v1,121,2023,27,1,Hydrophobic,Hydrophobe,Hydrophobe,VAL,124,B,3.5315258741796023,,,"[10.837, 6.415, 21.002]","[9.204, 8.84, 22.983]",CG1,[2],False,True,A0207a
A71EV2A-x1180_A_151_v1,122,939,28,1,Hydrogen Bond,Donor,Acceptor,THR,126,A,2.6691167078267672,,,"[6.653, 10.683, 18.359]","[4.095, 11.015, 19.045]",OG1,[5],False,True,A1180a
A71EV2A-x1180_A_151_v1,123,947,28,1,Hydrogen Bond,Acceptor,Donor,GLY,128,A,2.7597298780858948,,,"[1.703, 9.87, 23.249]","[3.057, 10.457, 20.917]",O,[1],True,False,A1180a
A71EV2A-x0228_A_147_v1,124,640,29,1,Hydrogen Bond,Acceptor,Donor,SER,87,A,2.917998800548073,,,"[9.237, 18.941, 25.981]","[8.234, 21.493, 26.979]",O,[10],True,False,A0228a
A71EV2A-x0228_A_147_v1,125,657,29,1,Hydrogen Bond,Donor,Acceptor,TYR,89,A,3.2173569898287613,,,"[13.736, 19.216, 22.621]","[12.931, 22.281, 23.177]",O,[3],True,False,A0228a
A71EV2A-x0228_A_147_v1,126,657,29,1,Hydrogen Bond,Donor,Acceptor,TYR,89,A,3.157834701183708,,,"[13.736, 19.216, 22.621]","[14.12, 21.208, 25.041]",O,[9],True,False,A0228a
A71EV2A-x1169_A_151_v1,127,1889,30,1,Hydrogen Bond,Donor,Acceptor,SER,105,B,2.416136999426979,,,"[6.218, 7.483, 26.232]","[6.903, 9.621, 25.339]",O,[7],True,False,A1169a
A71EV2A-x1169_A_151_v1,128,1908,30,1,π-stacking,Aromatic,Aromatic,PRO,107,B,3.973919953899423,8.127442738737455,,"[10.590399999999999, 10.8338, 27.7906]","[7.226999999999999, 10.692800000000002, 25.678800000000003]",CA CB CD CG N,"[3, 5, 4, 7, 6]",False,True,A1169a
A71EV2A-x0812_A_147_v1,129,643,31,1,Hydrogen Bond,Donor,Acceptor,SER,87,A,2.6967589807025774,,,"[10.113, 17.027, 23.999]","[9.341, 14.902, 22.529]",OG,[3],False,True,A0812a
A71EV2A-x0812_A_147_v1,130,930,31,1,Hydrogen Bond,Acceptor,Donor,SER,125,A,2.885404824283761,,,"[11.126, 11.986, 19.557]","[11.151, 13.736, 21.851]",O,[13],True,False,A0812a
A71EV2A-x0812_A_147_v1,131,931,31,1,Hydrogen Bond,Donor,Acceptor,SER,125,A,3.0868715554748967,,,"[11.126, 11.986, 19.557]","[9.702, 11.376, 22.227]",O,[12],True,False,A0812a
A71EV2A-x0926_A_250_v1,132,1758,32,1,Hydrophobic,Hydrophobe,Hydrophobe,TYR,89,B,3.543531712853719,,,"[13.808, 16.728, 24.733]","[11.542, 14.534, 23.118]",CD2,[7],False,True,A0926a
A71EV2A-x0926_A_250_v1,133,1760,32,1,Hydrophobic,Hydrophobe,Hydrophobe,TYR,89,B,4.183455150948793,,,"[14.414, 16.031, 25.766]","[11.542, 14.534, 23.118]",CE2,[7],False,True,A0926a
A71EV2A-x0926_A_250_v1,134,1761,32,1,Hydrophobic,Hydrophobe,Hydrophobe,TYR,89,B,4.319095854458429,,,"[14.54, 17.546, 23.889]","[11.542, 14.534, 23.118]",CG,[7],False,True,A0926a
A71EV2A-x0926_A_250_v1,135,1762,32,1,Hydrophobic,Hydrophobe,Hydrophobe,TYR,89,B,4.049818514452222,,,"[13.874, 18.305, 22.771]","[11.545, 15.16, 21.729]",CB,[8],False,True,A0926a
A71EV2A-x0926_A_250_v1,136,1772,32,1,Hydrophobic,Hydrophobe,Hydrophobe,TYR,90,B,4.184303765263703,,,"[12.602, 18.35, 19.236]","[11.545, 15.16, 21.729]",CD2,[8],False,True,A0926a
A71EV2A-x0926_A_250_v1,137,1774,32,1,Hydrophobic,Hydrophobe,Hydrophobe,TYR,90,B,4.309049199069325,,,"[13.667, 17.555, 18.843]","[11.545, 15.16, 21.729]",CE2,[8],False,True,A0926a
A71EV2A-x0926_A_250_v1,138,1819,32,1,Hydrogen Bond,Acceptor,Donor,GLN,95,B,2.6857261587883423,,,"[10.24, 15.235, 16.007]","[10.7, 14.337, 18.496]",OE1,[12],False,True,A0926a
A71EV2A-x0926_A_250_v1,139,1820,32,1,Hydrogen Bond,Donor,Acceptor,GLN,95,B,3.467169739138824,,,"[10.24, 15.235, 16.007]","[10.064, 16.336, 19.29]",OE1,[14],False,True,A0926a
A71EV2A-x0926_A_250_v1,140,2037,32,1,Hydrophobic,Hydrophobe,Hydrophobe,THR,126,B,4.042853571426993,,,"[7.922, 12.609, 18.37]","[10.411, 14.571, 20.88]",CG2,[9],False,True,A0926a
A71EV2A-x0926_A_250_v1,141,2038,32,1,Hydrogen Bond,Donor,Acceptor,GLY,127,B,3.3793210856620304,,,"[6.546, 10.366, 22.053]","[7.999, 11.317, 24.952]",N,[3],True,False,A0926a
A71EV2A-x0926_A_250_v1,142,2038,32,1,Hydrogen Bond,Donor,Acceptor,GLY,127,B,2.657145272656352,,,"[6.546, 10.366, 22.053]","[7.382, 12.808, 22.684]",N,[13],True,False,A0926a
A71EV2A-x0333_A_201_v1,143,106,33,1,Hydrogen Bond,Donor,Acceptor,ARG,20,A,3.2182268409793604,,,"[18.581, 20.646, 16.193]","[20.811, 21.946, 18.115]",NH1,[3],False,True,A0333a
A71EV2A-x0333_A_201_v1,144,146,33,1,π-stacking,Aromatic,Aromatic,HIS,25,A,4.212435827404379,50.15755050738572,,"[29.535000000000004, 19.6886, 23.5642]","[26.180666666666667, 21.247666666666664, 21.548666666666666]",CD2 CE1 CG ND1 NE2,"[6, 7, 8, 9, 10, 11]",False,True,A0333a
A71EV2A-x0333_A_201_v1,145,176,33,1,Hydrophobic,Hydrophobe,Hydrophobe,TRP,28,A,4.35106940877757,,,"[27.919, 18.699, 16.777]","[26.889, 20.662, 20.521]",CB,[8],False,True,A0333a
A71EV2A-x0333_A_201_v1,146,177,33,1,π-stacking,Aromatic,Aromatic,TRP,28,A,5.183889431691223,58.39275412526828,,"[25.233200000000004, 18.8334, 17.060200000000002]","[26.180666666666667, 21.247666666666664, 21.548666666666666]",CD1 CD2 CE2 CG NE1,"[6, 7, 8, 9, 10, 11]",False,True,A0333a
A71EV2A-x0432_A_147_v1,147,419,34,1,Hydrophobic,Hydrophobe,Hydrophobe,THR,60,A,4.057560350752655,,,"[2.298, -4.778, 10.572]","[3.182, -6.37, 14.198]",CG2,[5],False,True,A0432a
A71EV2A-x0432_A_147_v1,148,535,34,1,π-stacking,Aromatic,Aromatic,PRO,73,A,4.920393140345147,84.45084258004127,,"[4.989999999999999, -6.536399999999999, 18.7132]","[2.327833333333333, -7.355166666666666, 14.656999999999998]",CA CB CD CG N,"[2, 4, 5, 6, 7, 8]",False,True,A0432a
A71EV2A-x0375_A_301_v1,149,118,35,1,Hydrogen Bond,Acceptor,Donor,HIS,21,A,3.3517092654345784,,,"[15.561, 12.852, 22.691]","[12.372, 13.849, 22.956]",NE2,[11],False,True,A0375b
A71EV2A-x0375_A_301_v1,150,832,35,1,Hydrogen Bond,Donor,Acceptor,CYS,110,A,3.3473332669454945,,,"[13.125, 9.954, 22.152]","[10.161, 10.542, 23.592]",SG,[3],False,True,A0375b
A71EV2A-x0571_A_147_v1,151,156,36,1,Hydrogen Bond,Acceptor,Donor,ASN,26,A,3.183094877630888,,,"[34.141, 12.738, 18.148]","[35.409, 10.863, 15.91]",OD1,[9],False,True,A0571a
A71EV2A-x0571_A_147_v1,152,300,36,1,Hydrogen Bond,Donor,Acceptor,SER,44,A,2.645635840398298,,,"[31.892, 9.493, 12.76]","[34.536, 9.4, 12.758]",O,[1],True,False,A0571a
A71EV2A-x0571_A_147_v1,153,300,36,1,Hydrogen Bond,Donor,Acceptor,SER,44,A,2.89067016451203,,,"[31.892, 9.493, 12.76]","[33.359, 10.407, 15.077]",O,[11],True,False,A0571a
A71EV2A-x0571_A_147_v1,154,317,36,1,Hydrophobic,Hydrophobe,Hydrophobe,THR,46,A,3.7847412064763426,,,"[37.214, 6.716, 13.8]","[36.518, 10.387, 13.197]",CG2,[6],False,True,A0571a
A71EV2A-x0239_A_147_v1,155,212,37,1,Hydrophobic,Hydrophobe,Hydrophobe,TRP,33,A,4.474478517101184,,,"[17.939, 14.575, 6.713]","[18.649, 16.262, 2.63]",CZ2,[2],False,True,A0239a
A71EV2A-x0239_A_147_v1,156,1056,37,1,Hydrophobic,Hydrophobe,Hydrophobe,TRP,142,A,3.42250858289647,,,"[23.542, 8.751, 1.066]","[24.856, 11.626, -0.246]",CB,[9],False,True,A0239a
A71EV2A-x0239_A_147_v1,157,1057,37,1,π-stacking,Aromatic,Aromatic,TRP,142,A,3.7168189086906036,10.70766773484727,,"[22.236, 10.2774, 2.8324]","[23.1706, 13.243200000000002, 0.7964]",CD1 CD2 CE2 CG NE1,"[7, 13, 14, 8, 15]",False,True,A0239a
A71EV2A-x0239_A_147_v1,158,1059,37,1,Hydrophobic,LumpedHydrophobe,Hydrophobe,TRP,142,A,4.3147996766941565,,,"[23.326833333333337, 10.257666666666667, 4.6673333333333344]","[26.068, 11.752, 1.689]",CD2 CE2 CE3 CH2 CZ2 CZ3,[11],False,True,A0239a
A71EV2A-x1080_A_201_v1,159,622,38,1,Hydrophobic,Hydrophobe,Hydrophobe,VAL,84,A,3.990543571996174,,,"[6.602, 16.175, 18.937]","[6.573, 13.861, 22.188]",CG1,[4],False,True,A1080a
A71EV2A-x1080_A_201_v1,160,635,38,1,Hydrogen Bond,Acceptor,Donor,ALA,86,A,3.3596935872189304,,,"[6.566, 18.096, 25.241]","[5.622, 15.945, 22.839]",O,[1],True,False,A1080a
A71EV2A-x1080_A_201_v1,161,635,38,1,Hydrogen Bond,Acceptor,Donor,ALA,86,A,3.1245097215403255,,,"[6.566, 18.096, 25.241]","[6.721, 16.706, 22.447]",O,[6],True,False,A1080a
A71EV2A-x1080_A_201_v1,162,941,38,1,Hydrophobic,Hydrophobe,Hydrophobe,THR,126,A,4.327234105060645,,,"[7.998, 12.53, 18.325]","[6.573, 13.861, 22.188]",CG2,[4],False,True,A1080a
A71EV2A-x1080_A_201_v1,163,944,38,1,Hydrogen Bond,Donor,Acceptor,GLY,127,A,3.110194527678293,,,"[4.52, 11.427, 23.102]","[5.351, 14.209, 24.217]",O,[3],True,False,A1080a
A71EV2A-x1255_B_201_v1,164,1907,39,1,Hydrophobic,Hydrophobe,Hydrophobe,PRO,107,B,4.313573576514024,,,"[10.638, 11.613, 28.458]","[8.666, 11.775, 24.625]",CG,[10],False,True,A1255a
A71EV2A-x1255_B_201_v1,165,1908,39,1,π-stacking,Aromatic,Aromatic,PRO,107,B,4.168816578545472,20.98112363320858,,"[10.971599999999999, 10.558599999999998, 27.8688]","[7.683833333333333, 11.1415, 25.37283333333333]",CA CB CD CG N,"[1, 2, 10, 9, 8, 7]",False,True,A1255a
A71EV2A-x0152_A_201_v1,166,3,40,1,Hydrogen Bond,Donor,Acceptor,SER,7,A,3.4280299006863992,,,"[18.393, 4.237, 23.292]","[18.158, 0.979, 22.252]",O,[16],True,False,A0152b
A71EV2A-x0152_A_201_v1,167,449,40,1,π-stacking,Aromatic,Aromatic,TYR,64,A,5.511786232449714,55.76666010708611,,"[15.199166666666665, -2.4095, 24.183666666666667]","[18.15583333333333, 2.224666666666667, 24.586666666666662]",CD1 CD2 CE1 CE2 CG CZ,"[7, 8, 9, 10, 11, 12]",False,True,A0152b
A71EV2A-x0152_A_201_v1,168,452,40,1,Hydrophobic,Hydrophobe,LumpedHydrophobe,TYR,64,A,4.499669682321135,,,"[15.533, -1.266, 23.499]","[18.15583333333333, 2.224666666666667, 24.586666666666662]",CD2,"[7, 8, 9, 10, 11, 12]",False,True,A0152b
A71EV2A-x0152_A_201_v1,169,454,40,1,Hydrophobic,Hydrophobe,LumpedHydrophobe,TYR,64,A,4.263251566195297,,,"[15.985, -1.438, 24.805]","[18.15583333333333, 2.224666666666667, 24.586666666666662]",CE2,"[7, 8, 9, 10, 11, 12]",False,True,A0152b
A71EV2A-x0152_A_201_v1,170,513,40,1,Hydrogen Bond,Acceptor,Donor,HIS,71,A,2.8153626764592863,,,"[15.036, -6.289, 22.022]","[17.215, -4.89, 20.917]",NE2,[15],False,True,A0152b
A71EV2A-x0152_A_201_v1,171,841,40,1,Hydrogen Bond,Donor,Acceptor,ILE,113,A,2.8148515058524852,,,"[15.394, 0.886, 18.447]","[17.311, -0.294, 20.137]",N,[3],True,False,A0152b
A71EV2A-x0517_A_147_v1,172,155,41,1,Hydrogen Bond,Acceptor,Donor,ASN,26,A,2.477241611147366,,,"[32.427, 11.602, 17.743]","[31.974, 10.456, 15.594]",ND2,[18],False,True,A0517a
A71EV2A-x0517_A_147_v1,173,157,41,1,Hydrogen Bond,Donor,Acceptor,ASN,26,A,2.4814163294376863,,,"[34.136, 12.959, 18.233]","[33.313, 10.812, 17.3]",OD1,[3],False,True,A0517a
A71EV2A-x0517_A_147_v1,174,192,41,1,Hydrophobic,Hydrophobe,Hydrophobe,ASN,30,A,3.969864607263076,,,"[32.449, 13.521, 13.362]","[34.338, 10.561, 15.214]",CB,[9],False,True,A0517a
A71EV2A-x0517_A_147_v1,175,310,41,1,Hydrophobic,Hydrophobe,Hydrophobe,THR,45,A,4.239602103971551,,,"[30.108, 5.814, 13.299]","[30.945, 7.99, 16.84]",CG2,[7],False,True,A0517a
A71EV2A-x0517_A_147_v1,176,317,41,1,Hydrophobic,Hydrophobe,Hydrophobe,THR,46,A,3.750274923255628,,,"[37.299, 6.614, 13.573]","[35.58, 9.074, 11.324]",CG2,[2],False,True,A0517a
A71EV2A-x1293_A_151_v1,177,1545,42,1,π-stacking,Aromatic,Aromatic,TYR,64,B,3.820027439546593,17.440878840304592,,"[15.274166666666666, -2.3368333333333333, 24.167333333333335]","[18.826333333333334, -2.1773333333333333, 22.77116666666667]",CD1 CD2 CE1 CE2 CG CZ,"[3, 4, 5, 6, 7, 10]",False,True,A1293a
A71EV2A-x1293_A_151_v1,178,1546,42,1,Hydrophobic,LumpedHydrophobe,Hydrophobe,TYR,64,B,3.710524334017139,,,"[15.274166666666666, -2.3368333333333333, 24.167333333333335]","[18.278, -3.35, 22.239]",CD1 CD2 CE1 CE2 CG CZ,[4],False,True,A1293a
A71EV2A-x1293_A_151_v1,179,1552,42,1,Hydrophobic,Hydrophobe,Hydrophobe,TYR,64,B,4.306382356456518,,,"[14.284, -1.932, 21.476]","[18.278, -3.35, 22.239]",CB,[4],False,True,A1293a
A71EV2A-x1293_A_151_v1,180,1930,42,1,Hydrogen Bond,Acceptor,Donor,GLY,111,B,3.392788970743685,,,"[17.382, 3.655, 19.357]","[18.563, 1.339, 21.537]",O,[1],True,False,A1293a
A71EV2A-x1293_A_151_v1,181,1937,42,1,Hydrogen Bond,Donor,Acceptor,ILE,113,B,3.2012139884737465,,,"[15.362, 0.96, 18.414]","[17.583, -0.417, 20.263]",N,[8],True,False,A1293a
A71EV2A-x0554_A_201_v1,182,662,43,1,Hydrophobic,Hydrophobe,Hydrophobe,TYR,89,A,3.962077359164003,,,"[14.58, 16.193, 24.811]","[11.973, 14.295, 22.509]",CD2,[2],False,True,A0554a
A71EV2A-x0554_A_201_v1,183,811,43,1,Hydrophobic,Hydrophobe,Hydrophobe,PRO,107,A,4.043903559680916,,,"[10.097, 11.974, 27.86]","[6.663, 11.85, 25.728]",CG,[10],False,True,A0554a
A71EV2A-x0554_A_201_v1,184,812,43,1,π-stacking,Aromatic,Aromatic,PRO,107,A,3.9431628979792333,11.063231018902233,,"[10.5098, 10.8774, 27.4808]","[8.583333333333334, 10.667666666666667, 24.046666666666667]",CA CB CD CG N,"[5, 6, 7, 8, 9, 12]",False,True,A0554a
A71EV2A-x0554_A_201_v1,185,927,43,1,Hydrophobic,Hydrophobe,Hydrophobe,VAL,124,A,4.463509157602347,,,"[10.804, 6.455, 21.046]","[8.679, 9.335, 23.713]",CG1,[7],False,True,A0554a
A71EV2A-x0554_A_201_v1,186,930,43,1,Hydrogen Bond,Acceptor,Donor,SER,125,A,2.8894591189355827,,,"[10.898, 11.865, 20.119]","[10.435, 12.471, 22.906]",O,[1],True,False,A0554a
A71EV2A-x0514_B_151_v1,187,1907,44,1,Hydrophobic,Hydrophobe,LumpedHydrophobe,PRO,107,B,4.1162915821026225,,,"[10.044, 11.992, 28.239]","[7.2781666666666665, 11.189166666666667, 25.298]",CG,"[4, 5, 6, 7, 9, 10]",False,True,A0514a
A71EV2A-x0514_B_151_v1,188,1908,44,1,π-stacking,Aromatic,Aromatic,PRO,107,B,3.991299611516141,13.371749049071086,,"[10.4064, 10.894, 27.7592]","[7.2781666666666665, 11.189166666666667, 25.298]",CA CB CD CG N,"[4, 5, 6, 7, 9, 10]",False,True,A0514a
A71EV2A-x0514_B_151_v1,189,2038,44,1,Hydrogen Bond,Donor,Acceptor,GLY,127,B,3.414997950219005,,,"[6.519, 10.762, 21.525]","[9.254, 10.437, 23.544]",N,[3],True,False,A0514a
A71EV2A-x0911_A_147_v1,190,604,45,1,Hydrophobic,Hydrophobe,Hydrophobe,ILE,82,A,4.300024883648932,,,"[2.813, 13.484, 14.232]","[3.595, 12.385, 18.315]",CG2,[5],False,True,A0911a
A71EV2A-x0911_A_147_v1,191,621,45,1,Hydrophobic,Hydrophobe,Hydrophobe,VAL,84,A,4.476699900596421,,,"[5.639, 16.344, 17.88]","[3.595, 12.385, 18.315]",CB,[5],False,True,A0911a
A71EV2A-x0911_A_147_v1,192,622,45,1,Hydrophobic,Hydrophobe,Hydrophobe,VAL,84,A,4.151747704280693,,,"[6.092, 15.601, 19.127]","[3.595, 12.385, 18.315]",CG1,[5],False,True,A0911a
A71EV2A-x0911_A_147_v1,193,623,45,1,Hydrophobic,Hydrophobe,Hydrophobe,VAL,84,A,3.9897370840695765,,,"[5.623, 15.408, 16.682]","[3.595, 12.385, 18.315]",CG2,[5],False,True,A0911a
A71EV2A-x0911_A_147_v1,194,762,45,1,Hydrophobic,Hydrophobe,Hydrophobe,LEU,100,A,3.793613185341912,,,"[0.938, 9.559, 15.791]","[-1.02, 12.515, 17.14]",CD1,[8],False,True,A0911a
A71EV2A-x0911_A_147_v1,195,763,45,1,Hydrophobic,Hydrophobe,LumpedHydrophobe,LEU,100,A,4.248811781610897,,,"[3.358, 9.187, 15.939]","[2.672, 11.843333333333334, 19.183333333333334]",CD2,"[5, 6, 11, 12, 13, 14]",False,True,A0911a
A71EV2A-x0911_A_147_v1,196,966,45,1,Hydrophobic,Hydrophobe,Hydrophobe,LEU,131,A,3.5628758047397615,,,"[0.726, 7.794, 19.994]","[2.904, 10.602, 19.738]",CB,[13],False,True,A0911a
A71EV2A-x0911_A_147_v1,197,967,45,1,Hydrophobic,Hydrophobe,Hydrophobe,LEU,131,A,4.326609873792646,,,"[-1.442, 8.965, 19.577]","[-1.02, 12.515, 17.14]",CD1,[8],False,True,A0911a
A71EV2A-x0911_A_147_v1,198,969,45,1,Hydrophobic,Hydrophobe,Hydrophobe,LEU,131,A,4.451865900945355,,,"[-0.783, 7.633, 19.881]","[1.747, 11.292, 20.054]",CG,[12],False,True,A0911a
A71EV2A-x0469_A_147_v1,199,640,46,1,Hydrogen Bond,Acceptor,Donor,SER,87,A,3.48894339306329,,,"[9.23, 18.952, 26.01]","[10.712, 22.081, 26.441]",O,[1],True,False,A0469a
A71EV2A-x0469_A_147_v1,200,641,46,1,Hydrogen Bond,Donor,Acceptor,SER,87,A,3.4569467742503632,,,"[9.23, 18.952, 26.01]","[6.759, 20.268, 28.038]",O,[14],True,False,A0469a
A71EV2A-x0469_A_147_v1,201,641,46,1,Hydrogen Bond,Donor,Acceptor,SER,87,A,3.4972168934740084,,,"[9.23, 18.952, 26.01]","[8.529, 19.391, 29.408]",O,[15],True,False,A0469a
A71EV2A-x0469_A_147_v1,202,654,46,1,Hydrophobic,Hydrophobe,Hydrophobe,GLU,88,A,4.491125137423805,,,"[10.481, 16.027, 29.772]","[6.564, 18.081, 28.992]",CG,[12],False,True,A0469a
A71EV2A-x0469_A_147_v1,203,687,46,1,Hydrophobic,Hydrophobe,Hydrophobe,PRO,91,A,4.420407560395307,,,"[9.558, 23.538, 20.361]","[11.419, 23.247, 24.36]",CG,[5],False,True,A0469a
A71EV2A-x0446_A_147_v1,204,667,47,1,Hydrogen Bond,Donor,Acceptor,TYR,89,A,2.955463584617481,,,"[11.274, 12.317, 22.487]","[9.741, 11.293, 24.797]",OH,[3],False,True,A0446a
A71EV2A-x0446_A_147_v1,205,796,47,1,Hydrogen Bond,Acceptor,Donor,SER,105,A,2.8077182907122284,,,"[8.377, 6.811, 23.255]","[8.78, 9.543, 23.762]",OG,[1],False,True,A0446a
A71EV2A-x0446_A_147_v1,206,811,47,1,Hydrophobic,Hydrophobe,Hydrophobe,PRO,107,A,4.457162999038738,,,"[10.789, 11.802, 27.938]","[7.44, 10.987, 25.112]",CG,[5],False,True,A0446a
A71EV2A-x0446_A_147_v1,207,946,47,1,Hydrogen Bond,Donor,Acceptor,GLY,128,A,3.216627581800541,,,"[3.548, 10.501, 23.387]","[5.3, 11.046, 26.029]",N,[9],True,False,A0446a
A71EV2A-x0305_A_147_v1,208,585,48,1,Hydrogen Bond,Donor,Acceptor,SER,80,A,2.927781583383569,,,"[5.613, 12.961, 8.923]","[6.509, 14.344, 6.503]",O,[12],True,False,A0305a
A71EV2A-x0305_A_147_v1,209,737,48,1,π-stacking,Aromatic,Aromatic,HIS,97,A,3.8975213932845967,15.577862934566951,,"[10.976199999999999, 12.929599999999999, 5.421000000000001]","[7.800666666666667, 12.4555, 3.2114999999999996]",CD2 CE1 CG ND1 NE2,"[4, 5, 6, 7, 8, 10]",False,True,A0305a
A71EV2A-x0515_A_201_v1,210,811,49,1,Hydrophobic,Hydrophobe,Hydrophobe,PRO,107,A,3.6952913281634507,,,"[10.43, 11.672, 28.01]","[7.847, 11.789, 25.37]",CG,[5],False,True,A0515a
A71EV2A-x0515_A_201_v1,211,812,49,1,π-stacking,Aromatic,Aromatic,PRO,107,A,4.436088134331367,5.857577640213036,,"[10.8704, 10.599599999999999, 27.5374]","[6.764166666666667, 11.102833333333335, 25.936000000000003]",CA CB CD CG N,"[1, 7, 6, 5, 9, 8]",False,True,A0515a
A71EV2A-x0515_A_201_v1,212,945,49,1,Hydrogen Bond,Acceptor,Donor,GLY,127,A,3.286808026033771,,,"[6.638, 10.687, 21.688]","[8.441, 9.68, 24.245]",N,[10],True,False,A0515a
A71EV2A-x0556_A_147_v1,213,792,50,1,Hydrogen Bond,Acceptor,Donor,SER,105,A,2.582551838782719,,,"[6.251, 7.306, 26.284]","[6.013, 9.727, 27.151]",O,[14],True,False,A0556a
A71EV2A-x0556_A_147_v1,214,793,50,1,Hydrogen Bond,Donor,Acceptor,SER,105,A,3.008359852145351,,,"[6.251, 7.306, 26.284]","[7.853, 9.478, 24.955]",O,[13],True,False,A0556a
A71EV2A-x0556_A_147_v1,215,806,50,1,Hydrophobic,Hydrophobe,Hydrophobe,GLU,106,A,3.8627861706286573,,,"[8.025, 6.673, 29.469]","[4.667, 8.46, 28.797]",CG,[9],False,True,A0556a
A71EV2A-x0556_A_147_v1,216,812,50,1,π-stacking,Aromatic,Aromatic,PRO,107,A,3.9414355709563518,25.200805480923282,,"[10.9158, 10.703399999999998, 27.387]","[8.0932, 10.589200000000002, 24.638399999999997]",CA CB CD CG N,"[1, 4, 5, 6, 13]",False,True,A0556a
A71EV2A-x0556_A_147_v1,217,946,50,1,Hydrogen Bond,Donor,Acceptor,GLY,128,A,2.9872309920727584,,,"[4.06, 10.121, 24.3]","[5.524, 11.743, 26.337]",N,[3],True,False,A0556a
A71EV2A-x0884_A_147_v1,218,120,51,1,Hydrogen Bond,Donor,Acceptor,HIS,21,A,3.3100581565887945,,,"[15.257, 12.942, 21.301]","[12.389, 14.192, 22.382]",NE2,[14],False,True,A0884a
A71EV2A-x0884_A_147_v1,219,811,51,1,Hydrophobic,Hydrophobe,LumpedHydrophobe,PRO,107,A,4.168181048131188,,,"[10.431, 12.088, 27.909]","[8.720666666666666, 11.296666666666667, 24.191166666666664]",CG,"[5, 6, 7, 8, 9, 11]",False,True,A0884a
A71EV2A-x0884_A_147_v1,220,812,51,1,π-stacking,Aromatic,Aromatic,PRO,107,A,3.91072440305715,15.292362463760309,,"[10.8508, 11.0022, 27.457600000000003]","[8.720666666666666, 11.296666666666667, 24.191166666666664]",CA CB CD CG N,"[5, 6, 7, 8, 9, 11]",False,True,A0884a
A71EV2A-x0884_A_147_v1,221,930,51,1,Hydrogen Bond,Acceptor,Donor,SER,125,A,2.9935313594482373,,,"[10.913, 11.942, 19.88]","[10.724, 12.672, 22.777]",O,[12],True,False,A0884a
A71EV2A-x0278_A_201_v1,222,640,52,1,Hydrogen Bond,Acceptor,Donor,SER,87,A,3.3264366820969276,,,"[9.177, 18.967, 26.049]","[8.396, 22.129, 26.725]",O,[1],True,False,A0278a
A71EV2A-x0278_A_201_v1,223,647,52,1,Hydrogen Bond,Donor,Acceptor,GLU,88,A,2.9253630543917097,,,"[12.816, 18.709, 27.322]","[13.232, 20.766, 25.284]",O,[14],True,False,A0278a
A71EV2A-x0278_A_201_v1,224,657,52,1,Hydrogen Bond,Donor,Acceptor,TYR,89,A,3.460634912844753,,,"[13.747, 19.229, 22.655]","[13.328, 22.542, 23.563]",O,[3],True,False,A0278a
A71EV2A-x1081_A_147_v1,225,479,54,1,Hydrogen Bond,Acceptor,Donor,ARG,68,A,3.235676281706805,,,"[10.276, -3.612, 29.94]","[11.017, -4.626, 32.922]",O,[1],True,False,A1081a
A71EV2A-x1081_A_147_v1,226,491,54,1,Hydrogen Bond,Donor,Acceptor,ARG,69,A,2.8402360817368684,,,"[14.929, -3.063, 35.013]","[12.269, -4.017, 34.728]",NH1,[3],False,True,A1081a
A71EV2A-x1292_A_151_v1,227,1888,55,1,Hydrogen Bond,Acceptor,Donor,SER,105,B,2.668665958864091,,,"[5.636, 7.287, 26.535]","[6.976, 9.124, 25.138]",O,[3],True,False,A1292a
A71EV2A-x1292_A_151_v1,228,1907,55,1,Hydrophobic,Hydrophobe,LumpedHydrophobe,PRO,107,B,4.188473936491272,,,"[9.76, 12.053, 28.286]","[8.586666666666666, 11.207333333333333, 24.355166666666666]",CG,"[2, 4, 5, 6, 7, 8]",False,True,A1292a
A71EV2A-x1292_A_151_v1,229,1908,55,1,π-stacking,Aromatic,Aromatic,PRO,107,B,3.7695263765270726,12.778061408107844,,"[10.1756, 10.988, 27.766399999999997]","[8.586666666666666, 11.207333333333333, 24.355166666666666]",CA CB CD CG N,"[2, 4, 5, 6, 7, 8]",False,True,A1292a
A71EV2A-x0428_A_147_v1,230,579,56,1,Hydrogen Bond,Donor,Acceptor,PRO,79,A,3.246724811252102,,,"[4.836, 9.695, 5.613]","[7.246, 11.844, 5.274]",O,[11],True,False,A0428a
A71EV2A-x0428_A_147_v1,231,732,56,1,Hydrogen Bond,Donor,Acceptor,HIS,97,A,3.0516346439244657,,,"[8.61, 13.154, 8.32]","[7.157, 14.217, 5.856]",N,[3],True,False,A0428a
A71EV2A-x0428_A_147_v1,232,737,56,1,π-stacking,Aromatic,Aromatic,HIS,97,A,3.858153023144625,24.64946388857849,,"[11.0424, 12.940999999999999, 5.4642]","[8.822166666666666, 13.803833333333335, 2.4291666666666667]",CD2 CE1 CG ND1 NE2,"[5, 6, 7, 8, 10, 9]",False,True,A0428a
A71EV2A-x0428_A_147_v1,233,741,56,1,Hydrogen Bond,Donor,Acceptor,HIS,97,A,3.4590156114131667,,,"[11.242, 13.899, 4.872]","[9.32, 15.076, 2.248]",NE2,[10],False,True,A0428a
A71EV2A-x0691_A_201_v1,234,593,57,1,Hydrophobic,Hydrophobe,Hydrophobe,LEU,81,A,3.846149503074471,,,"[4.06, 16.663, 7.663]","[6.567, 14.599, 5.602]",CB,[6],False,True,A0691a
A71EV2A-x0691_A_201_v1,235,736,57,1,Hydrophobic,Hydrophobe,Hydrophobe,HIS,97,A,4.340374523010658,,,"[10.373, 11.38, 7.455]","[7.174, 12.515, 4.75]",CB,[8],False,True,A0691a
A71EV2A-x0691_A_201_v1,236,737,57,1,π-stacking,Aromatic,Aromatic,HIS,97,A,3.9173277606608883,14.299993889875623,,"[10.8518, 12.5934, 5.1262]","[7.180333333333334, 13.877500000000003, 4.6605]",CD2 CE1 CG ND1 NE2,"[4, 5, 6, 7, 8, 9]",False,True,A0691a
A71EV2A-x0691_A_201_v1,237,739,57,1,Hydrogen Bond,Acceptor,Donor,HIS,97,A,3.1097724997176246,,,"[10.852, 13.573, 4.54]","[8.705, 14.999, 2.8]",NE2,[1],False,True,A0691a
A71EV2A-x0691_A_201_v1,238,741,57,1,Hydrogen Bond,Donor,Acceptor,HIS,97,A,3.3171798262982373,,,"[10.852, 13.573, 4.54]","[9.327, 12.554, 1.776]",NE2,[3],False,True,A0691a
A71EV2A-x0875_A_201_v1,239,120,58,1,Hydrogen Bond,Donor,Acceptor,HIS,21,A,3.0744017304184577,,,"[15.232, 13.147, 21.826]","[15.733, 11.283, 24.219]",NE2,[12],False,True,A0875a
A71EV2A-x0875_A_201_v1,240,643,58,1,Hydrogen Bond,Donor,Acceptor,SER,87,A,2.8246263469705144,,,"[8.953, 16.305, 26.141]","[9.632, 14.757, 23.878]",OG,[3],False,True,A0875a
A71EV2A-x0875_A_201_v1,241,643,58,1,Hydrogen Bond,Donor,Acceptor,SER,87,A,2.3314418285687495,,,"[8.953, 16.305, 26.141]","[9.697, 14.098, 26.247]",OG,[11],False,True,A0875a
A71EV2A-x0875_A_201_v1,242,674,58,1,Hydrophobic,LumpedHydrophobe,Hydrophobe,TYR,90,A,4.079186608735724,,,"[14.1905, 16.745166666666663, 24.59166666666667]","[13.353, 12.77, 24.961]",CD1 CD2 CE1 CE2 CG CZ,[6],False,True,A0875a
A71EV2A-x0875_A_201_v1,243,677,58,1,Hydrophobic,Hydrophobe,Hydrophobe,TYR,90,A,4.310513426495735,,,"[14.255, 15.571, 25.315]","[13.436, 11.513, 24.114]",CE1,[7],False,True,A0875a
A71EV2A-x0875_A_201_v1,244,811,58,1,Hydrophobic,Hydrophobe,Hydrophobe,PRO,107,A,3.7047067360318846,,,"[9.936, 12.001, 28.67]","[8.24, 11.431, 25.426]",CG,[2],False,True,A0875a
A71EV2A-x0875_A_201_v1,245,813,58,1,Hydrogen Bond,Donor,Acceptor,GLY,108,A,2.81544081806029,,,"[13.299, 8.814, 27.586]","[14.544, 9.715, 25.227]",N,[13],True,False,A0875a
A71EV2A-x0875_A_201_v1,246,830,58,1,Hydrophobic,Hydrophobe,Hydrophobe,CYS,110,A,3.5905211320921087,,,"[14.627, 8.794, 22.094]","[13.436, 11.513, 24.114]",CB,[7],False,True,A0875a
A71EV2A-x0875_A_201_v1,247,831,58,1,Electrostatic,PosIonizable,NegIonizable,CYS,110,A,3.3541649730844587,,,"[13.296, 9.991, 21.821]","[14.988666666666667, 10.598333333333333, 24.652333333333335]",SG,"[10, 12, 13]",False,True,A0875a
A71EV2A-x1148_A_147_v1,248,858,59,1,Hydrogen Bond,Acceptor,Donor,ARG,115,A,3.427646860456894,,,"[10.851, -4.386, 12.746]","[10.366, -7.779, 12.713]",O,[5],True,False,A1148b
A71EV2A-x1148_A_147_v1,249,876,59,1,Hydrogen Bond,Acceptor,Donor,GLN,117,A,3.334926385994148,,,"[11.404, -7.257, 8.521]","[10.298, -9.184, 11.008]",N,[1],True,False,A1148b
A71EV2A-x0229_A_147_v1,250,640,60,1,Hydrogen Bond,Acceptor,Donor,SER,87,A,3.058551454528761,,,"[9.232, 18.989, 26.074]","[9.382, 22.015, 25.655]",O,[1],True,False,A0229a
A71EV2A-x0229_A_147_v1,251,641,60,1,Hydrogen Bond,Donor,Acceptor,SER,87,A,3.341075575320017,,,"[9.232, 18.989, 26.074]","[9.073, 21.685, 28.041]",O,[12],True,False,A0229a
A71EV2A-x0528_A_147_v1,252,795,61,1,Hydrogen Bond,Donor,Acceptor,SER,105,A,2.663927363874622,,,"[8.011, 7.155, 22.98]","[9.703, 9.168, 23.406]",OG,[14],False,True,A0528a
A71EV2A-x0528_A_147_v1,253,811,61,1,Hydrophobic,Hydrophobe,LumpedHydrophobe,PRO,107,A,3.9553469401136825,,,"[10.718, 11.834, 27.888]","[8.847833333333332, 11.531833333333333, 24.415833333333335]",CG,"[8, 9, 10, 11, 12, 13]",False,True,A0528a
A71EV2A-x0528_A_147_v1,254,812,61,1,π-stacking,Aromatic,Aromatic,PRO,107,A,3.78661331227083,21.512253208320885,,"[11.0672, 10.7306, 27.3774]","[8.847833333333332, 11.531833333333333, 24.415833333333335]",CA CB CD CG N,"[8, 9, 10, 11, 12, 13]",False,True,A0528a
A71EV2A-x0416_A_147_v1,255,811,62,1,Hydrophobic,Hydrophobe,Hydrophobe,PRO,107,A,4.082131918495533,,,"[10.705, 11.534, 28.152]","[9.139, 11.957, 24.406]",CG,[7],False,True,A0416a
A71EV2A-x0416_A_147_v1,256,812,62,1,π-stacking,Aromatic,Aromatic,PRO,107,A,3.791696866106845,14.418411314085972,,"[11.0756, 10.5046, 27.5346]","[8.566333333333333, 10.731, 24.700999999999997]",CA CB CD CG N,"[4, 5, 14, 8, 7, 6]",False,True,A0416a
A71EV2A-x0416_A_147_v1,257,927,62,1,Hydrophobic,Hydrophobe,Hydrophobe,VAL,124,A,3.6102067807814002,,,"[10.807, 6.303, 20.626]","[9.296, 8.369, 23.172]",CG1,[2],False,True,A0416a
A71EV2A-x0416_A_147_v1,258,944,62,1,Hydrogen Bond,Donor,Acceptor,GLY,127,A,2.958668281507745,,,"[5.026, 10.692, 24.37]","[7.649, 10.622, 25.737]",O,[14],True,False,A0416a
A71EV2A-x0351_A_302_v1,259,130,63,1,Hydrogen Bond,Acceptor,Donor,ALA,23,A,2.9626327818344285,,,"[24.228, 15.93, 21.05]","[24.641, 17.71, 23.382]",O,[1],True,False,A0351b
A71EV2A-x0351_A_302_v1,260,146,63,1,π-stacking,Aromatic,Aromatic,HIS,25,A,3.960263090446844,3.83360855960188,,"[28.9002, 19.9224, 23.373199999999997]","[25.504499999999997, 20.912166666666664, 21.59183333333333]",CD2 CE1 CG ND1 NE2,"[6, 7, 8, 9, 11, 12]",False,True,A0351b
A71EV2A-x0351_A_302_v1,261,177,63,1,π-stacking,Aromatic,Aromatic,TRP,28,A,5.00358051121616,71.3455492873,,"[25.1128, 18.8286, 17.0596]","[25.504499999999997, 20.912166666666664, 21.59183333333333]",CD1 CD2 CE2 CG NE1,"[6, 7, 8, 9, 11, 12]",False,True,A0351b
A71EV2A-x0354_A_147_v1,262,593,64,1,Hydrophobic,Hydrophobe,Hydrophobe,LEU,81,A,4.228000354777658,,,"[4.118, 16.619, 7.588]","[2.705, 16.742, 3.605]",CB,[10],False,True,A0354a
A71EV2A-x0354_A_147_v1,263,595,64,1,Hydrophobic,Hydrophobe,Hydrophobe,LEU,81,A,4.3737777721324615,,,"[3.747, 19.0, 7.203]","[2.705, 16.742, 3.605]",CD2,[10],False,True,A0354a
A71EV2A-x0354_A_147_v1,264,732,64,1,Hydrogen Bond,Donor,Acceptor,HIS,97,A,3.0851115052782134,,,"[8.605, 13.176, 8.337]","[6.637, 13.909, 6.077]",N,[3],True,False,A0354a
A71EV2A-x0354_A_147_v1,265,740,64,1,Hydrogen Bond,Donor,Acceptor,HIS,97,A,3.1207175456936183,,,"[10.878, 11.78, 5.351]","[7.789, 12.031, 4.985]",ND1,[12],False,True,A0354a
A71EV2A-x0332_A_147_v1,266,732,65,1,Hydrogen Bond,Donor,Acceptor,HIS,97,A,3.1647829309448694,,,"[8.593, 13.102, 8.296]","[7.104, 12.465, 5.577]",N,[10],True,False,A0332a
A71EV2A-x0332_A_147_v1,267,735,65,1,Hydrogen Bond,Acceptor,Donor,HIS,97,A,3.0636517426104417,,,"[8.593, 13.102, 8.296]","[7.166, 14.855, 6.228]",N,[1],True,False,A0332a
A71EV2A-x0332_A_147_v1,268,737,65,1,π-stacking,Aromatic,Aromatic,HIS,97,A,3.876508535754536,27.3758363140798,,"[11.0158, 12.891399999999999, 5.411]","[8.659, 14.2385, 2.643666666666667]",CD2 CE1 CG ND1 NE2,"[4, 5, 6, 7, 8, 9]",False,True,A0332a
A71EV2A-x0836_A_301_v1,269,811,66,1,Hydrophobic,Hydrophobe,LumpedHydrophobe,PRO,107,A,3.9082210325017326,,,"[10.615, 11.622, 27.933]","[7.833833333333332, 11.026833333333334, 25.252499999999998]",CG,"[4, 9, 10, 11, 12, 13]",False,True,A0836a
A71EV2A-x0836_A_301_v1,270,812,66,1,π-stacking,Aromatic,Aromatic,PRO,107,A,3.9708292314774236,13.031094075618903,,"[11.068000000000001, 10.563199999999998, 27.5092]","[7.833833333333332, 11.026833333333334, 25.252499999999998]",CA CB CD CG N,"[4, 9, 10, 11, 12, 13]",False,True,A0836a
A71EV2A-x0836_A_301_v1,271,942,66,1,Hydrogen Bond,Donor,Acceptor,GLY,127,A,3.2340726646134588,,,"[6.836, 10.618, 21.862]","[9.639, 10.089, 23.386]",N,[3],True,False,A0836a
A71EV2A-x0188_A_147_v1,272,578,67,1,Hydrogen Bond,Acceptor,Donor,PRO,79,A,3.161237415949646,,,"[4.894, 9.73, 5.643]","[7.131, 11.953, 5.425]",O,[12],True,False,A0188a
A71EV2A-x0351_A_201_v1,273,534,68,1,Hydrophobic,Hydrophobe,LumpedHydrophobe,PRO,73,A,4.203194291250408,,,"[4.158, -7.408, 18.954]","[1.360666666666667, -6.696166666666667, 15.898666666666665]",CG,"[6, 7, 8, 9, 11, 12]",False,True,A0351c
A71EV2A-x0351_A_201_v1,274,535,68,1,π-stacking,Aromatic,Aromatic,PRO,73,A,4.612161125763063,56.0336823855378,,"[5.0196, -6.551, 18.7028]","[1.360666666666667, -6.696166666666667, 15.898666666666665]",CA CB CD CG N,"[6, 7, 8, 9, 11, 12]",False,True,A0351c
A71EV2A-x0473_A_147_v1,275,604,69,1,Hydrophobic,Hydrophobe,Hydrophobe,ILE,82,A,3.8527741953039496,,,"[2.453, 13.672, 14.438]","[-0.405, 12.664, 16.817]",CG2,[4],False,True,A0473a
A71EV2A-x0473_A_147_v1,276,621,69,1,Hydrophobic,Hydrophobe,Hydrophobe,VAL,84,A,4.498828069619909,,,"[5.444, 16.438, 17.627]","[2.987, 12.761, 18.453]",CB,[9],False,True,A0473a
A71EV2A-x0473_A_147_v1,277,622,69,1,Hydrophobic,Hydrophobe,Hydrophobe,VAL,84,A,4.154126863734424,,,"[5.832, 15.753, 18.912]","[2.987, 12.761, 18.453]",CG1,[9],False,True,A0473a
A71EV2A-x0473_A_147_v1,278,623,69,1,Hydrophobic,Hydrophobe,Hydrophobe,VAL,84,A,4.306390251707338,,,"[5.617, 15.52, 16.449]","[2.987, 12.761, 18.453]",CG2,[9],False,True,A0473a
A71EV2A-x0473_A_147_v1,279,762,69,1,Hydrophobic,Hydrophobe,Hydrophobe,LEU,100,A,3.604436294346176,,,"[1.039, 9.832, 15.118]","[-0.405, 12.664, 16.817]",CD1,[4],False,True,A0473a
A71EV2A-x0473_A_147_v1,280,763,69,1,Hydrophobic,Hydrophobe,Hydrophobe,LEU,100,A,4.35763158149011,,,"[3.327, 9.213, 15.946]","[2.987, 12.761, 18.453]",CD2,[9],False,True,A0473a
A71EV2A-x0473_A_147_v1,281,939,69,1,Hydrogen Bond,Donor,Acceptor,THR,126,A,2.4087525817318802,,,"[6.633, 10.658, 18.48]","[4.355, 10.872, 19.233]",OG1,[14],False,True,A0473a
A71EV2A-x0473_A_147_v1,282,966,69,1,Hydrophobic,Hydrophobe,Hydrophobe,LEU,131,A,4.0404666809664445,,,"[0.977, 7.743, 20.179]","[2.398, 11.52, 20.38]",CB,[12],False,True,A0473a
A71EV2A-x0473_A_147_v1,283,967,69,1,Hydrophobic,Hydrophobe,Hydrophobe,LEU,131,A,4.1381181713431054,,,"[-0.876, 9.036, 19.126]","[1.753, 12.231, 19.192]",CD1,[8],False,True,A0473a
A71EV2A-x0717_A_147_v1,284,579,70,1,Hydrogen Bond,Donor,Acceptor,PRO,79,A,3.2162728429037233,,,"[4.965, 9.724, 5.517]","[7.332, 11.875, 5.178]",O,[3],True,False,A0717a
A71EV2A-x0717_A_147_v1,285,732,70,1,Hydrogen Bond,Donor,Acceptor,HIS,97,A,3.235444946216826,,,"[8.719, 13.177, 8.336]","[7.437, 14.315, 5.592]",N,[12],True,False,A0717a
A71EV2A-x0717_A_147_v1,286,737,70,1,π-stacking,Aromatic,Aromatic,HIS,97,A,3.87659737914579,26.828132671847698,,"[11.1742, 12.862799999999998, 5.4554]","[8.9626, 13.543600000000001, 2.3452]",CD2 CE1 CG ND1 NE2,"[5, 6, 10, 11, 8]",False,True,A0717a
A71EV2A-x0269_A_147_v1,287,428,71,1,Hydrophobic,Hydrophobe,Hydrophobe,VAL,62,A,4.056163951321496,,,"[9.915, -6.303, 16.548]","[13.871, -5.646, 17.157]",CB,[14],False,True,A0269a
A71EV2A-x0269_A_147_v1,288,429,71,1,Hydrophobic,Hydrophobe,Hydrophobe,VAL,62,A,3.652879549068105,,,"[10.398, -6.416, 17.987]","[13.871, -5.646, 17.157]",CG1,[14],False,True,A0269a
A71EV2A-x0269_A_147_v1,289,449,71,1,π-cation,Aromatic,PosIonizable,TYR,64,A,3.63602399607043,18.174814941309144,,"[15.111500000000001, -2.5525, 24.343999999999998]","[18.488, -3.231, 23.178]",CD1 CD2 CE1 CE2 CG CZ,[15],False,True,A0269a
A71EV2A-x0269_A_147_v1,290,450,71,1,Hydrophobic,LumpedHydrophobe,Hydrophobe,TYR,64,A,3.652233768531252,,,"[15.111500000000001, -2.5525, 24.343999999999998]","[16.983, -5.303, 22.837]",CD1 CD2 CE1 CE2 CG CZ,[7],False,True,A0269a
A71EV2A-x0269_A_147_v1,291,456,71,1,Hydrophobic,Hydrophobe,Hydrophobe,TYR,64,A,3.9923597032331637,,,"[14.196, -2.239, 21.607]","[14.862, -3.683, 17.945]",CB,[6],False,True,A0269a
A71EV2A-x0269_A_147_v1,292,511,71,1,π-stacking,Aromatic,Aromatic,HIS,71,A,4.545574710272253,65.97918457020329,,"[13.8854, -6.504599999999999, 22.0074]","[14.876666666666665, -5.031833333333333, 17.82283333333333]",CD2 CE1 CG ND1 NE2,"[5, 6, 11, 12, 13, 14]",False,True,A0269a
A71EV2A-x0269_A_147_v1,293,845,71,1,Hydrophobic,Hydrophobe,Hydrophobe,ILE,113,A,4.08985121978783,,,"[16.285, -0.188, 16.368]","[14.862, -3.683, 17.945]",CB,[6],False,True,A0269a
A71EV2A-x0269_A_147_v1,294,848,71,1,Hydrophobic,Hydrophobe,Hydrophobe,ILE,113,A,4.320993404299526,,,"[15.992, -0.755, 14.975]","[14.862, -3.683, 17.945]",CG2,[6],False,True,A0269a
A71EV2A-x1128_A_147_v1,295,145,72,1,Hydrophobic,Hydrophobe,Hydrophobe,HIS,25,A,4.0620800090593985,,,"[30.414, 17.85, 21.663]","[30.612, 20.513, 18.602]",CB,[10],False,True,A1128a
A71EV2A-x1128_A_147_v1,296,146,72,1,π-stacking,Aromatic,Aromatic,HIS,25,A,3.5699864313467637,15.364741603226605,,"[29.3596, 19.9514, 22.8738]","[27.422199999999997, 20.9584, 20.049400000000002]",CD2 CE1 CG ND1 NE2,"[1, 2, 12, 4, 11]",False,True,A1128a
A71EV2A-x1128_A_147_v1,297,176,72,1,Hydrophobic,Hydrophobe,Hydrophobe,TRP,28,A,3.995405361161743,,,"[27.82, 18.553, 16.522]","[30.612, 20.513, 18.602]",CB,[10],False,True,A1128a
A71EV2A-x1128_A_147_v1,298,177,72,1,π-stacking,Aromatic,Aromatic,TRP,28,A,4.626201392071037,63.84477354340051,,"[25.1308, 18.727800000000002, 16.7064]","[27.422199999999997, 20.9584, 20.049400000000002]",CD1 CD2 CE2 CG NE1,"[1, 2, 12, 4, 11]",False,True,A1128a
A71EV2A-x1128_A_147_v1,299,184,72,1,Hydrophobic,Hydrophobe,Hydrophobe,ALA,29,A,4.3773078484383525,,,"[33.149, 17.154, 16.18]","[31.859, 20.864, 18.112]",CB,[9],False,True,A1128a
A71EV2A-x0732_A_201_v1,300,635,73,1,Hydrogen Bond,Acceptor,Donor,ALA,86,A,2.7950109123221707,,,"[6.612, 18.98, 24.594]","[6.206, 16.237, 24.243]",O,[14],True,False,A0732a
A71EV2A-x0732_A_201_v1,301,811,73,1,Hydrophobic,Hydrophobe,Hydrophobe,PRO,107,A,4.414327128793242,,,"[10.582, 11.751, 28.171]","[7.776, 11.333, 24.789]",CG,[7],False,True,A0732a
A71EV2A-x0732_A_201_v1,302,812,73,1,π-stacking,Aromatic,Aromatic,PRO,107,A,4.196494792482579,39.937515167154885,,"[10.9298, 10.7086, 27.554400000000005]","[8.895333333333332, 11.334666666666669, 23.93783333333333]",CA CB CD CG N,"[4, 5, 12, 9, 7, 6]",False,True,A0732a
A71EV2A-x0732_A_201_v1,303,825,73,1,Hydrophobic,Hydrophobe,Hydrophobe,ASP,109,A,4.381139806032215,,,"[11.574, 4.876, 24.766]","[10.33, 8.855, 23.419]",CB,[2],False,True,A0732a
A71EV2A-x0732_A_201_v1,304,927,73,1,Hydrophobic,Hydrophobe,Hydrophobe,VAL,124,A,3.578305045688531,,,"[11.073, 6.402, 20.922]","[10.33, 8.855, 23.419]",CG1,[2],False,True,A0732a
A71EV2A-x0732_A_201_v1,305,944,73,1,Hydrogen Bond,Donor,Acceptor,GLY,127,A,2.690265042704901,,,"[4.097, 11.394, 22.501]","[5.958, 13.335, 22.419]",O,[3],True,False,A0732a
A71EV2A-x0501_A_152_v1,306,673,74,1,π-stacking,Aromatic,Aromatic,TYR,90,A,4.26913204475518,25.73953294243451,,"[13.191166666666666, 16.212833333333332, 24.902]","[10.749400000000001, 13.4516, 22.7482]",CD1 CD2 CE1 CE2 CG CZ,"[1, 10, 13, 11, 12]",False,True,A0501b
A71EV2A-x0501_A_152_v1,307,699,74,1,Hydrogen Bond,Donor,Acceptor,ARG,93,A,2.927948086971491,,,"[10.257, 16.026, 19.737]","[10.877, 14.362, 22.065]",NH2,[12],False,True,A0501b
A71EV2A-x0501_A_152_v1,308,811,74,1,Hydrophobic,Hydrophobe,LumpedHydrophobe,PRO,107,A,3.898804104394635,,,"[10.836, 11.797, 27.844]","[8.24, 11.341666666666667, 24.971]",CG,"[4, 5, 6, 7, 8, 9]",False,True,A0501b
A71EV2A-x0501_A_152_v1,309,812,74,1,π-stacking,Aromatic,Aromatic,PRO,107,A,3.9115969037948917,19.955060160920084,,"[11.2182, 10.704600000000001, 27.425600000000003]","[8.24, 11.341666666666667, 24.971]",CA CB CD CG N,"[4, 5, 6, 7, 8, 9]",False,True,A0501b
A71EV2A-x0310_A_147_v1,310,811,75,1,Hydrophobic,Hydrophobe,Hydrophobe,PRO,107,A,4.2392228061285016,,,"[10.721, 11.807, 27.759]","[8.089, 13.138, 24.714]",CG,[7],False,True,A0310a
A71EV2A-x0310_A_147_v1,311,927,75,1,Hydrophobic,Hydrophobe,Hydrophobe,VAL,124,A,3.4552292253915673,,,"[11.125, 6.101, 20.906]","[10.044, 8.813, 22.754]",CG1,[2],False,True,A0310a
A71EV2A-x0310_A_147_v1,312,930,75,1,Hydrogen Bond,Acceptor,Donor,SER,125,A,2.881064039552054,,,"[11.189, 11.516, 20.084]","[10.385, 11.933, 22.819]",O,[13],True,False,A0310a
A71EV2A-x0310_A_147_v1,313,942,75,1,Hydrogen Bond,Donor,Acceptor,GLY,127,A,3.164936334272775,,,"[6.737, 10.679, 21.681]","[8.21, 9.502, 24.223]",N,[1],True,False,A0310a
A71EV2A-x0566_A_147_v1,314,811,77,1,Hydrophobic,Hydrophobe,Hydrophobe,PRO,107,A,4.024386785586097,,,"[10.16, 11.914, 27.933]","[7.136, 11.602, 25.296]",CG,[10],False,True,A0566a
A71EV2A-x0566_A_147_v1,315,812,77,1,π-stacking,Aromatic,Aromatic,PRO,107,A,3.9322265397609013,10.946324751781521,,"[10.5918, 10.856200000000001, 27.427799999999998]","[7.9636, 12.3688, 24.9244]",CA CB CD CG N,"[9, 10, 11, 13, 12]",False,True,A0566a
A71EV2A-x1140_A_147_v1,316,126,78,1,Hydrophobic,Hydrophobe,Hydrophobe,LEU,22,A,4.495780577385868,,,"[18.206, 10.617, 22.738]","[16.313, 11.33, 26.753]",CD1,[14],False,True,A1140a
A71EV2A-x1140_A_147_v1,317,127,78,1,Hydrophobic,Hydrophobe,Hydrophobe,LEU,22,A,4.0060481774437005,,,"[18.802, 12.729, 23.943]","[16.313, 11.33, 26.753]",CD2,[14],False,True,A1140a
A71EV2A-x1140_A_147_v1,318,663,78,1,Hydrophobic,Hydrophobe,Hydrophobe,TYR,89,A,4.269960421362241,,,"[14.189, 15.981, 25.393]","[15.49, 12.437, 27.388]",CE1,[5],False,True,A1140a
A71EV2A-x1140_A_147_v1,319,811,78,1,Hydrophobic,Hydrophobe,LumpedHydrophobe,PRO,107,A,4.356475110555423,,,"[9.849, 12.148, 28.81]","[9.781166666666666, 11.152499999999998, 24.569333333333333]",CG,"[2, 4, 7, 8, 9, 10]",False,True,A1140a
A71EV2A-x1140_A_147_v1,320,812,78,1,π-stacking,Aromatic,Aromatic,PRO,107,A,3.908636944284061,15.802141175907773,,"[10.326400000000001, 11.042800000000002, 28.438200000000002]","[9.781166666666666, 11.152499999999998, 24.569333333333333]",CA CB CD CG N,"[2, 4, 7, 8, 9, 10]",False,True,A1140a
A71EV2A-x1140_A_147_v1,321,826,78,1,Hydrogen Bond,Donor,Acceptor,CYS,110,A,2.6346639254371707,,,"[13.791, 7.388, 23.553]","[13.097, 9.651, 24.71]",N,[3],True,False,A1140a
A71EV2A-x1109_A_147_v1,322,419,79,1,Hydrophobic,Hydrophobe,Hydrophobe,THR,60,A,4.148585903654401,,,"[2.147, -4.803, 10.446]","[3.069, -6.678, 14.03]",CG2,[12],False,True,A1109a
A71EV2A-x1109_A_147_v1,323,430,79,1,Hydrophobic,Hydrophobe,Hydrophobe,VAL,62,A,4.217846488434589,,,"[8.921, -7.37, 15.944]","[6.933, -8.708, 12.473]",CG2,[4],False,True,A1109a
A71EV2A-x1109_A_147_v1,324,535,79,1,π-stacking,Aromatic,Aromatic,PRO,73,A,4.927775548865836,79.00729900724576,,"[5.2265999999999995, -7.0194, 18.549799999999998]","[2.253666666666667, -7.599166666666666, 14.662833333333332]",CA CB CD CG N,"[7, 8, 9, 10, 11, 12]",False,True,A1109a
A71EV2A-x0608_A_147_v1,325,212,80,1,Hydrophobic,Hydrophobe,Hydrophobe,TRP,33,A,4.284333086957642,,,"[18.173, 14.253, 6.664]","[19.628, 13.172, 2.782]",CZ2,[12],False,True,A0608a
A71EV2A-x0608_A_147_v1,326,1038,80,1,Hydrophobic,Hydrophobe,Hydrophobe,LEU,140,A,3.6396792441092938,,,"[18.288, 10.675, 5.066]","[19.628, 13.172, 2.782]",CD2,[12],False,True,A0608a
A71EV2A-x0608_A_147_v1,327,1052,80,1,Hydrophobic,Hydrophobe,Hydrophobe,TRP,142,A,4.034378514715743,,,"[21.963, 10.964, 5.221]","[19.628, 13.172, 2.782]",CZ2,[12],False,True,A0608a
A71EV2A-x1145_A_201_v1,328,428,81,1,Hydrophobic,Hydrophobe,Hydrophobe,VAL,62,A,4.468587696353287,,,"[9.88, -6.266, 16.487]","[11.636, -9.004, 13.423]",CB,[3],False,True,A1145b
A71EV2A-x1145_A_201_v1,329,430,81,1,Hydrophobic,Hydrophobe,Hydrophobe,VAL,62,A,4.05543326908482,,,"[8.973, -7.411, 16.034]","[11.636, -9.004, 13.423]",CG2,[3],False,True,A1145b
A71EV2A-x1145_A_201_v1,330,881,81,1,Hydrophobic,Hydrophobe,Hydrophobe,GLN,117,A,3.3744257289204054,,,"[11.534, -9.309, 6.959]","[12.009, -11.429, 9.541]",CB,[9],False,True,A1145b
A71EV2A-x0831_A_147_v1,331,428,82,1,Hydrophobic,Hydrophobe,Hydrophobe,VAL,62,A,4.0081716530108835,,,"[9.873, -6.219, 16.674]","[11.613, -7.531, 13.31]",CB,[7],False,True,A0831a
A71EV2A-x0831_A_147_v1,332,429,82,1,Hydrophobic,Hydrophobe,Hydrophobe,VAL,62,A,3.8927996352239864,,,"[10.287, -6.294, 18.135]","[13.871, -5.061, 17.247]",CG1,[13],False,True,A0831a
A71EV2A-x0831_A_147_v1,333,430,82,1,Hydrophobic,Hydrophobe,Hydrophobe,VAL,62,A,3.9915132468776795,,,"[8.956, -7.383, 16.285]","[11.613, -7.531, 13.31]",CG2,[7],False,True,A0831a
A71EV2A-x0831_A_147_v1,334,456,82,1,Hydrophobic,Hydrophobe,Hydrophobe,TYR,64,A,4.235920325029733,,,"[14.24, -2.253, 21.619]","[14.821, -4.415, 18.023]",CB,[14],False,True,A0831a
A71EV2A-x0831_A_147_v1,335,511,82,1,π-stacking,Aromatic,Aromatic,HIS,71,A,4.7116700095495725,84.50854340565107,,"[13.98, -6.508, 21.9242]","[15.111500000000001, -5.628166666666666, 17.435833333333335]",CD2 CE1 CG ND1 NE2,"[5, 6, 12, 13, 14, 15]",False,True,A0831a
A71EV2A-x0831_A_147_v1,336,881,82,1,Hydrophobic,Hydrophobe,Hydrophobe,GLN,117,A,4.445506270381362,,,"[11.28, -9.209, 7.188]","[11.426, -9.24, 11.631]",CB,[4],False,True,A0831a
A71EV2A-x0525_A_246_v1,337,640,83,1,Hydrogen Bond,Acceptor,Donor,SER,87,A,2.6847998063170375,,,"[9.264, 18.929, 25.95]","[10.094, 21.476, 25.771]",O,[1],True,False,A0525a
A71EV2A-x0525_A_246_v1,338,687,83,1,Hydrophobic,Hydrophobe,Hydrophobe,PRO,91,A,4.466004142407393,,,"[9.586, 23.61, 20.401]","[10.928, 23.808, 24.656]",CG,[5],False,True,A0525a
A71EV2A-x0525_A_246_v1,339,688,83,1,π-stacking,Aromatic,Aromatic,PRO,91,A,4.043288376227123,14.70905265320698,,"[9.291599999999999, 22.8588, 21.356599999999997]","[10.503666666666666, 22.616666666666664, 25.206333333333333]",CA CB CD CG N,"[1, 7, 6, 5, 4, 8]",False,True,A0525a
A71EV2A-x0719_A_301_v1,340,625,84,1,Hydrogen Bond,Acceptor,Donor,GLU,85,A,3.113435562204558,,,"[6.122, 18.51, 21.501]","[5.963, 15.408, 21.715]",O,[1],True,False,A0719a
A71EV2A-x0719_A_301_v1,341,811,84,1,Hydrophobic,Hydrophobe,LumpedHydrophobe,PRO,107,A,3.981050660455242,,,"[10.368, 11.837, 28.05]","[8.677833333333334, 11.463000000000001, 24.465]",CG,"[6, 7, 8, 9, 10, 11]",False,True,A0719a
A71EV2A-x0719_A_301_v1,342,812,84,1,π-stacking,Aromatic,Aromatic,PRO,107,A,3.8880947177820193,20.309387060705063,,"[10.816, 10.770999999999999, 27.6378]","[8.677833333333334, 11.463000000000001, 24.465]",CA CB CD CG N,"[6, 7, 8, 9, 10, 11]",False,True,A0719a
A71EV2A-x0719_A_301_v1,343,942,84,1,Hydrogen Bond,Donor,Acceptor,GLY,127,A,2.8679159680855357,,,"[6.582, 10.521, 21.905]","[7.241, 13.311, 21.986]",N,[12],True,False,A0719a
A71EV2A-x0375_A_201_v1,344,790,86,1,Hydrogen Bond,Donor,Acceptor,HIS,104,A,3.4951916971748496,,,"[5.632, 4.899, 29.235]","[4.741, 8.069, 30.407]",NE2,[3],False,True,A0375a
A71EV2A-x0375_A_201_v1,345,792,86,1,Hydrogen Bond,Acceptor,Donor,SER,105,A,2.671732396779288,,,"[6.721, 7.725, 26.286]","[4.67, 8.572, 27.774]",O,[1],True,False,A0375a
A71EV2A-x1105_A_148_v1,346,428,87,1,Hydrophobic,Hydrophobe,Hydrophobe,VAL,62,A,3.967983996943535,,,"[9.832, -6.277, 16.43]","[13.734, -5.775, 16.947]",CB,[2],False,True,A1105b
A71EV2A-x1105_A_148_v1,347,429,87,1,Hydrophobic,Hydrophobe,Hydrophobe,VAL,62,A,3.621932771325277,,,"[10.298, -6.485, 17.846]","[13.734, -5.775, 16.947]",CG1,[2],False,True,A1105b
A71EV2A-x1105_A_148_v1,348,456,87,1,Hydrophobic,Hydrophobe,Hydrophobe,TYR,64,A,4.314529058889277,,,"[14.371, -2.136, 21.488]","[15.217, -4.058, 17.719]",CB,[5],False,True,A1105b
A71EV2A-x1105_A_148_v1,349,511,87,1,π-stacking,Aromatic,Aromatic,HIS,71,A,4.324143439135916,68.0281595589645,,"[14.016, -6.299999999999999, 21.601599999999998]","[14.958833333333333, -5.3905, 17.480666666666668]",CD2 CE1 CG ND1 NE2,"[2, 3, 5, 6, 7, 8]",False,True,A1105b
A71EV2A-x1105_A_148_v1,350,845,87,1,Hydrophobic,Hydrophobe,Hydrophobe,ILE,113,A,4.219635292297191,,,"[16.443, -0.116, 16.656]","[18.224, -3.56, 18.321]",CB,[4],False,True,A1105b
A71EV2A-x1105_A_148_v1,351,846,87,1,Hydrophobic,Hydrophobe,Hydrophobe,ILE,113,A,4.355528096568775,,,"[18.93, 0.173, 16.191]","[18.224, -3.56, 18.321]",CD1,[4],False,True,A1105b
A71EV2A-x1105_A_148_v1,352,848,87,1,Hydrophobic,Hydrophobe,Hydrophobe,ILE,113,A,3.9242126598847826,,,"[16.137, -0.995, 15.445]","[15.217, -4.058, 17.719]",CG2,[5],False,True,A1105b
A71EV2A-x0202_A_147_v1,353,449,88,1,π-stacking,Aromatic,Aromatic,TYR,64,A,3.539606780734581,19.95692381043375,,"[15.170166666666667, -2.296333333333333, 24.224500000000003]","[18.488, -2.0317999999999996, 23.02]",CD1 CD2 CE1 CE2 CG CZ,"[2, 4, 9, 5, 11]",False,True,A0202a
A71EV2A-x0202_A_147_v1,354,450,88,1,Hydrophobic,LumpedHydrophobe,Hydrophobe,TYR,64,A,4.370499443872393,,,"[15.170166666666667, -2.296333333333333, 24.224500000000003]","[19.138, -0.651, 25.031]",CD1 CD2 CE1 CE2 CG CZ,[6],False,True,A0202a
A71EV2A-x0202_A_147_v1,355,452,88,1,Hydrophobic,Hydrophobe,Hydrophobe,TYR,64,A,4.440655920019023,,,"[15.497, -1.147, 23.53]","[19.311, 0.703, 24.853]",CD2,[7],False,True,A0202a
A71EV2A-x0202_A_147_v1,356,454,88,1,Hydrophobic,Hydrophobe,Hydrophobe,TYR,64,A,3.941772570811258,,,"[15.922, -1.31, 24.844]","[19.311, 0.703, 24.853]",CE2,[7],False,True,A0202a
A71EV2A-x0202_A_147_v1,357,844,88,1,Hydrogen Bond,Acceptor,Donor,ILE,113,A,2.4966651757894986,,,"[15.382, 0.97, 18.447]","[16.617, -0.594, 19.951]",N,[1],True,False,A0202a
A71EV2A-x0202_A_147_v1,358,862,88,1,Hydrogen Bond,Donor,Acceptor,ARG,115,A,3.075745600663357,,,"[17.302, -4.25, 16.776]","[17.657, -2.985, 19.557]",NH2,[12],False,True,A0202a
A71EV2A-x0540_A_147_v1,359,638,89,1,Hydrophobic,Hydrophobe,Hydrophobe,ALA,86,A,3.868340600309132,,,"[5.311, 20.739, 24.52]","[6.244, 20.45, 28.263]",CB,[9],False,True,A0540a
A71EV2A-x0540_A_147_v1,360,653,89,1,Hydrophobic,Hydrophobe,Hydrophobe,GLU,88,A,4.322649766057851,,,"[11.36, 16.399, 28.699]","[7.532, 18.285, 29.388]",CB,[8],False,True,A0540a
A71EV2A-x0437_A_250_v1,361,1892,90,1,Hydrogen Bond,Acceptor,Donor,SER,105,B,2.907578545800612,,,"[6.6, 6.978, 23.906]","[7.749, 9.484, 24.83]",OG,[1],False,True,A0437a
A71EV2A-x0437_A_250_v1,362,2023,90,1,Hydrophobic,Hydrophobe,Hydrophobe,VAL,124,B,3.6729613393010285,,,"[10.817, 6.244, 20.9]","[9.467, 8.808, 23.157]",CG1,[2],False,True,A0437a
A71EV2A-x0437_A_250_v1,363,2040,90,1,Hydrogen Bond,Donor,Acceptor,GLY,127,B,3.4972798000731937,,,"[5.126, 11.926, 23.419]","[7.655, 11.549, 25.805]",O,[10],True,False,A0437a
A71EV2A-x1180_B_151_v1,364,1893,91,1,Hydrogen Bond,Donor,Acceptor,GLU,106,B,3.2862607930594923,,,"[8.125, 7.025, 26.792]","[7.41, 9.671, 24.979]",N,[5],True,False,A1180b
A71EV2A-x1180_B_151_v1,365,1908,91,1,π-stacking,Aromatic,Aromatic,PRO,107,B,3.8378375890597543,6.827187685964417,,"[10.4816, 11.109199999999998, 27.7078]","[7.7421999999999995, 10.7912, 25.038800000000002]",CA CB CD CG N,"[1, 3, 2, 5, 4]",False,True,A1180b
A71EV2A-x1180_B_151_v1,366,1908,91,1,π-cation,Aromatic,PosIonizable,PRO,107,B,3.8378375890597565,25.778952722772814,,"[10.4816, 11.109199999999998, 27.7078]","[7.7421999999999995, 10.7912, 25.0388]",CA CB CD CG N,"[2, 5, 4, 1, 3]",False,True,A1180b
A71EV2A-x1180_B_151_v1,367,2039,91,1,Hydrogen Bond,Acceptor,Donor,GLY,127,B,3.4150683741325008,,,"[4.956, 12.016, 23.223]","[7.472, 11.81, 25.523]",O,[1],True,False,A1180b
A71EV2A-x0586_A_147_v1,368,732,92,1,Hydrogen Bond,Donor,Acceptor,HIS,97,A,2.8053871390594205,,,"[8.664, 13.133, 8.249]","[6.722, 14.22, 6.541]",N,[14],True,False,A0586a
A71EV2A-x0497_A_147_v1,369,864,93,1,π-cation,PosIonizable,Aromatic,ARG,115,A,3.6349237726991386,14.045502375087148,,"[18.595, -3.876, 14.066]","[19.34466666666667, -7.1241666666666665, 15.515166666666667]",NH1,"[4, 5, 6, 7, 8, 9]",False,True,A0497a
A71EV2A-x0526_A_147_v1,370,939,94,1,Hydrogen Bond,Donor,Acceptor,THR,126,A,2.667610353856049,,,"[6.545, 10.637, 18.45]","[4.085, 11.649, 18.249]",OG1,[1],False,True,A0526a
A71EV2A-x0526_A_147_v1,371,948,94,1,Hydrogen Bond,Donor,Acceptor,GLY,128,A,3.112108288604367,,,"[1.121, 9.963, 23.018]","[-0.654, 11.951, 21.411]",O,[12],True,False,A0526a
A71EV2A-x0526_A_147_v1,372,966,94,1,Hydrophobic,Hydrophobe,Hydrophobe,LEU,131,A,3.6743924667895778,,,"[0.763, 7.772, 20.211]","[3.299, 10.43, 20.281]",CB,[2],False,True,A0526a
A71EV2A-x0526_A_147_v1,373,967,94,1,Hydrophobic,Hydrophobe,Hydrophobe,LEU,131,A,3.2095741150501573,,,"[-1.369, 8.877, 19.497]","[-1.7, 12.063, 19.294]",CD1,[8],False,True,A0526a
A71EV2A-x0451_A_201_v1,374,643,95,1,Hydrogen Bond,Donor,Acceptor,SER,87,A,3.4924504291399763,,,"[10.735, 17.417, 23.477]","[10.58, 14.114, 24.601]",OG,[3],False,True,A0451a
A71EV2A-x0451_A_201_v1,375,811,95,1,Hydrophobic,Hydrophobe,LumpedHydrophobe,PRO,107,A,4.2503103612167745,,,"[10.528, 11.254, 28.245]","[7.528833333333334, 11.252833333333333, 25.233333333333334]",CG,"[5, 9, 10, 11, 12, 13]",False,True,A0451a
A71EV2A-x0451_A_201_v1,376,930,95,1,Hydrogen Bond,Acceptor,Donor,SER,125,A,3.1464980533920563,,,"[11.266, 11.213, 20.544]","[11.761, 13.172, 22.956]",O,[1],True,False,A0451a
A71EV2A-x0396_A_147_v1,377,194,96,1,Hydrogen Bond,Acceptor,Donor,LEU,31,A,2.5938845386793923,,,"[29.584, 15.754, 8.854]","[30.994, 17.678, 7.835]",O,[8],True,False,A0396a
A71EV2A-x0554_A_147_v1,378,401,97,1,Hydrophobic,Hydrophobe,Hydrophobe,CYS,58,A,4.154182109633616,,,"[7.583, -2.973, 6.56]","[4.623, -4.575, 4.125]",CB,[2],False,True,A0554b
A71EV2A-x0554_A_147_v1,379,404,97,1,Hydrogen Bond,Donor,Acceptor,GLN,59,A,2.860034265528999,,,"[4.743, -1.73, 7.208]","[3.279, -3.844, 5.956]",N,[3],True,False,A0554b
A71EV2A-x0554_A_147_v1,380,419,97,1,Hydrophobic,Hydrophobe,LumpedHydrophobe,THR,60,A,3.574902970711233,,,"[2.381, -4.869, 10.314]","[2.9006666666666665, -7.535833333333333, 7.990666666666667]",CG2,"[5, 6, 7, 8, 9, 12]",False,True,A0554b
A71EV2A-x0387_A_151_v1,381,1907,98,1,Hydrophobic,Hydrophobe,Hydrophobe,PRO,107,B,4.18703952692114,,,"[9.714, 11.955, 28.131]","[6.188, 10.987, 26.091]",CG,[10],False,True,A0387a
A71EV2A-x0387_A_151_v1,382,1908,98,1,π-stacking,Aromatic,Aromatic,PRO,107,B,3.8901533982893555,21.429561711881917,,"[10.166599999999999, 10.8878, 27.6798]","[8.414000000000001, 11.116333333333332, 24.214333333333332]",CA CB CD CG N,"[5, 8, 9, 11, 12, 14]",False,True,A0387a
A71EV2A-x0387_A_151_v1,383,1921,98,1,Hydrophobic,Hydrophobe,Hydrophobe,ASP,109,B,4.35363916740926,,,"[11.232, 5.067, 24.985]","[9.55, 8.648, 23.168]",CB,[13],False,True,A0387a
A71EV2A-x0387_A_151_v1,384,2023,98,1,Hydrophobic,Hydrophobe,Hydrophobe,VAL,124,B,3.413804622411773,,,"[10.823, 6.371, 20.966]","[9.55, 8.648, 23.168]",CG1,[13],False,True,A0387a
A71EV2A-x0341_A_147_v1,385,428,99,1,Hydrophobic,Hydrophobe,Hydrophobe,VAL,62,A,4.081220528224367,,,"[9.846, -6.286, 16.597]","[13.854, -5.77, 17.168]",CB,[10],False,True,A0341a
A71EV2A-x0341_A_147_v1,386,429,99,1,Hydrophobic,Hydrophobe,Hydrophobe,VAL,62,A,3.6620841060794866,,,"[10.352, -6.4, 18.034]","[13.854, -5.77, 17.168]",CG1,[10],False,True,A0341a
A71EV2A-x0341_A_147_v1,387,452,99,1,Hydrophobic,Hydrophobe,Hydrophobe,TYR,64,A,4.288142488304232,,,"[15.474, -1.569, 23.577]","[18.456, -3.14, 20.926]",CD2,[6],False,True,A0341a
A71EV2A-x0341_A_147_v1,388,455,99,1,Hydrophobic,Hydrophobe,Hydrophobe,TYR,64,A,4.335728197200559,,,"[14.683, -2.543, 22.977]","[18.456, -3.14, 20.926]",CG,[6],False,True,A0341a
A71EV2A-x0341_A_147_v1,389,456,99,1,Hydrophobic,Hydrophobe,Hydrophobe,TYR,64,A,4.037795933427047,,,"[14.169, -2.366, 21.584]","[14.997, -3.822, 17.91]",CB,[12],False,True,A0341a
A71EV2A-x0341_A_147_v1,390,511,99,1,π-stacking,Aromatic,Aromatic,HIS,71,A,4.661986326425445,65.8604767725869,,"[13.853399999999999, -6.6074, 22.155600000000003]","[14.917, -5.171, 17.849833333333333]",CD2 CE1 CG ND1 NE2,"[7, 8, 9, 10, 11, 12]",False,True,A0341a
A71EV2A-x0341_A_147_v1,391,515,99,1,Hydrogen Bond,Donor,Acceptor,HIS,71,A,3.217418375033001,,,"[14.704, -6.761, 22.906]","[16.41, -4.465, 21.433]",NE2,[3],False,True,A0341a
A71EV2A-x0341_A_147_v1,392,845,99,1,Hydrophobic,Hydrophobe,Hydrophobe,ILE,113,A,4.278804622788941,,,"[16.347, 0.003, 16.548]","[14.997, -3.822, 17.91]",CB,[12],False,True,A0341a
A71EV2A-x0341_A_147_v1,393,846,99,1,Hydrophobic,Hydrophobe,Hydrophobe,ILE,113,A,4.0705002149613,,,"[18.846, 0.212, 16.137]","[20.156, -1.974, 19.311]",CD1,[2],False,True,A0341a
A71EV2A-x0341_A_147_v1,394,848,99,1,Hydrophobic,Hydrophobe,Hydrophobe,ILE,113,A,4.156415523019805,,,"[16.16, -0.807, 15.296]","[14.997, -3.822, 17.91]",CG2,[12],False,True,A0341a
A71EV2A-x0486_A_147_v1,395,212,100,1,Hydrophobic,Hydrophobe,Hydrophobe,TRP,33,A,4.294019096371138,,,"[18.177, 14.316, 6.716]","[18.721, 15.358, 2.586]",CZ2,[9],False,True,A0486a
A71EV2A-x0486_A_147_v1,396,217,100,1,π-stacking,Aromatic,Aromatic,TRP,33,A,3.5731450012558965,22.68106043104857,,"[20.5854, 15.103, 6.228]","[19.5244, 14.518799999999999, 2.8664]",CD1 CD2 CE2 CG NE1,"[5, 9, 8, 15, 14]",False,True,A0486a
A71EV2A-x0486_A_147_v1,397,1058,100,1,π-stacking,Aromatic,Aromatic,TRP,142,A,5.872839287677542,87.71038332106828,,"[23.08383333333333, 10.148, 4.514666666666667]","[19.5244, 14.518799999999999, 2.8664]",CD2 CE2 CE3 CH2 CZ2 CZ3,"[5, 9, 8, 15, 14]",False,True,A0486a
A71EV2A-x0194_A_147_v1,398,449,101,1,π-stacking,Aromatic,Aromatic,TYR,64,A,3.9604752906409812,8.775766200722522,,"[15.183166666666665, -2.274166666666667, 24.201999999999998]","[19.055666666666664, -3.042, 23.8865]",CD1 CD2 CE1 CE2 CG CZ,"[2, 4, 7, 8, 9, 10]",False,True,A0194a
A71EV2A-x0194_A_147_v1,399,450,101,1,Hydrophobic,LumpedHydrophobe,LumpedHydrophobe,TYR,64,A,3.9604752906409812,,,"[15.183166666666665, -2.274166666666667, 24.201999999999998]","[19.055666666666664, -3.042, 23.8865]",CD1 CD2 CE1 CE2 CG CZ,"[2, 4, 7, 8, 9, 10]",False,True,A0194a
A71EV2A-x0194_A_147_v1,400,456,101,1,Hydrophobic,Hydrophobe,Hydrophobe,TYR,64,A,4.473629734343245,,,"[14.228, -1.949, 21.496]","[18.411, -3.034, 22.653]",CB,[4],False,True,A0194a
A71EV2A-x0194_A_147_v1,401,458,101,1,Hydrogen Bond,Acceptor,Donor,TYR,64,A,3.44203224854155,,,"[16.018, -2.561, 26.82]","[17.887, -5.441, 26.575]",OH,[1],False,True,A0194a
A71EV2A-x0194_A_147_v1,402,493,101,1,Hydrogen Bond,Donor,Acceptor,ARG,69,A,3.4210176848417486,,,"[16.148, -3.57, 32.86]","[18.303, -5.186, 30.751]",NE,[3],False,True,A0194a
A71EV2A-x0194_A_147_v1,403,515,101,1,Hydrogen Bond,Donor,Acceptor,HIS,71,A,2.9073331422456556,,,"[15.163, -5.94, 21.764]","[17.647, -5.207, 23.085]",NE2,[15],False,True,A0194a
A71EV2A-x0863_A_147_v1,404,145,103,1,Hydrophobic,Hydrophobe,Hydrophobe,HIS,25,A,3.8647924911953573,,,"[30.554, 17.942, 21.937]","[30.511, 20.768, 19.301]",CB,[10],False,True,A0863a
A71EV2A-x0863_A_147_v1,405,176,103,1,Hydrophobic,Hydrophobe,Hydrophobe,TRP,28,A,4.19467507680869,,,"[27.704, 18.773, 16.906]","[30.511, 20.768, 19.301]",CB,[10],False,True,A0863a
A71EV2A-x0443_A_250_v1,406,1891,104,1,Hydrogen Bond,Donor,Acceptor,SER,105,B,2.698620758832184,,,"[6.601, 6.995, 23.806]","[7.577, 9.298, 24.819]",OG,[10],False,True,A0443a
A71EV2A-x0443_A_250_v1,407,1907,104,1,Hydrophobic,Hydrophobe,Hydrophobe,PRO,107,B,4.3073075116596895,,,"[10.427, 11.78, 28.118]","[6.448, 12.719, 26.762]",CG,[6],False,True,A0443a
A71EV2A-x0443_A_250_v1,408,1908,104,1,π-stacking,Aromatic,Aromatic,PRO,107,B,3.9744670082918025,11.046761932958498,,"[10.796600000000002, 10.693800000000001, 27.595799999999997]","[7.970999999999999, 10.411800000000001, 24.815]",CA CB CD CG N,"[1, 4, 3, 10, 9]",False,True,A0443a
A71EV2A-x0443_A_250_v1,409,1908,104,1,π-cation,Aromatic,PosIonizable,PRO,107,B,3.9744670082918025,28.575865653784206,,"[10.796600000000002, 10.693800000000001, 27.595799999999997]","[7.970999999999999, 10.411800000000001, 24.815]",CA CB CD CG N,"[3, 10, 9, 1, 4]",False,True,A0443a
A71EV2A-x0443_A_250_v1,410,2023,104,1,Hydrophobic,Hydrophobe,Hydrophobe,VAL,124,B,3.7651532505331056,,,"[10.831, 6.231, 20.996]","[9.458, 8.942, 23.219]",CG1,[2],False,True,A0443a
A71EV2A-x0514_A_250_v1,411,1237,105,1,Hydrogen Bond,Donor,Acceptor,HIS,25,B,3.212388675113893,,,"[28.599, 16.319, 21.489]","[27.126, 18.955, 22.585]",N,[3],True,False,A0514b
A71EV2A-x0514_A_250_v1,412,1242,105,1,π-stacking,Aromatic,Aromatic,HIS,25,B,5.423650825371734,44.765227784467506,,"[32.123599999999996, 19.740599999999997, 21.396]","[26.86066666666667, 20.627333333333336, 20.431]",CD2 CE1 CG ND1 NE2,"[4, 5, 6, 7, 9, 10]",False,True,A0514b
A71EV2A-x0514_A_250_v1,413,1272,105,1,Hydrophobic,Hydrophobe,LumpedHydrophobe,TRP,28,B,3.999165274015178,,,"[27.665, 18.766, 16.984]","[26.86066666666667, 20.627333333333336, 20.431]",CB,"[4, 5, 6, 7, 9, 10]",False,True,A0514b
A71EV2A-x0514_A_250_v1,414,1273,105,1,π-stacking,Aromatic,Aromatic,TRP,28,B,3.30597863271982,13.76675506902833,,"[24.9934, 18.6446, 17.3558]","[25.658599999999996, 21.539800000000003, 18.8066]",CD1 CD2 CE2 CG NE1,"[7, 9, 11, 8, 12]",False,True,A0514b
A71EV2A-x0514_A_250_v1,415,1274,105,1,π-stacking,Aromatic,Aromatic,TRP,28,B,4.0475278976459474,13.54797936945804,,"[23.925166666666666, 19.5655, 15.727666666666666]","[25.658599999999996, 21.539800000000003, 18.8066]",CD2 CE2 CE3 CH2 CZ2 CZ3,"[7, 9, 11, 8, 12]",False,True,A0514b
